Date,"Лом_3А, РФ CPT ж/д Южный ФО, руб./т, без НДС","Лом_3А, РФ CPT ж/д Сибирский ФО, руб./т, без НДС","Лом_3А, РФ CPT ж/д Центральный ФО, руб./т, без НДС","Чугун_CFR Италия, $/т","Лом_3А, FOB РФ Черное море, $/т","Лом_HMS 1/2 80:20, CFR ЮВА, $/т","Лом_3А, РФ FCA ж/д респ. Татарстан, руб./т, без НДС","Лом_3А, РФ FCA ж/д Московский регион, руб./т, без НДС","Чугун_FOB Россия Черное море, $/т","Чугун_Россия, FCA руб./т, без НДС","Лом_3А, РФ CPT ж/д Уральский ФО, руб./т, без НДС","Чугун_CFR Турция, $/т",Цена на арматуру
2015-01-05,12344.0,10009.0,12728.0,285.5,221.0,248.0,11573.0,11870.0,297.0,21250.0,11598.0,297.5,32900.0
2015-01-12,12344.0,10009.0,12728.0,285.5,221.0,248.0,11573.0,11870.0,297.0,21250.0,11598.0,297.5,32500.0
2015-01-19,12344.0,10009.0,12728.0,285.5,221.0,248.0,11573.0,11870.0,297.0,21250.0,11598.0,297.5,32000.0
2015-01-26,12344.0,10009.0,12728.0,285.5,221.0,248.0,11573.0,11870.0,297.0,21250.0,11598.0,297.5,30700.0
2015-02-02,12344.0,10009.0,12728.0,285.5,221.0,248.0,11573.0,11870.0,297.0,21250.0,11598.0,297.5,30300.0
2015-02-09,12344.0,10009.0,12728.0,285.5,221.0,248.0,11573.0,11870.0,297.0,21250.0,11598.0,297.5,30300.0
2015-02-16,12271.0,10432.0,12852.0,285.5,213.0,248.0,11746.0,12088.0,278.0,21250.0,11794.0,297.5,30100.0
2015-02-23,12645.0,11981.0,13034.0,285.5,208.0,248.0,11930.0,12503.0,265.0,21250.0,12047.0,297.5,29400.0
2015-03-02,12696.0,11912.0,12910.0,285.5,215.0,248.0,12100.0,12439.0,265.0,21250.0,12253.0,297.5,29200.0
2015-03-09,12916.0,12061.0,12964.0,285.5,221.0,248.0,11774.0,12020.0,265.0,15250.0,12183.0,297.5,29000.0
2015-03-16,12883.0,11893.0,12812.0,285.5,223.0,248.0,11733.0,12093.0,263.0,15250.0,12140.0,297.5,28700.0
2015-03-23,12753.0,11945.0,12694.0,285.5,220.0,253.0,11540.0,11763.0,263.0,15250.0,12139.0,297.5,27800.0
2015-03-30,12521.0,11853.0,12569.0,285.5,221.0,254.0,11579.0,11719.0,261.0,15250.0,12113.0,297.5,27200.0
2015-04-06,12395.0,11785.0,12421.0,285.5,229.0,258.0,11378.0,11250.0,264.0,13250.0,12369.0,297.5,26600.0
2015-04-13,12220.0,11327.0,12146.0,285.5,229.0,258.0,11056.0,11327.0,260.0,13250.0,12324.0,297.5,25700.0
2015-04-20,11830.0,11050.0,11716.0,285.5,238.0,258.0,10613.0,10555.0,260.0,13250.0,12109.0,297.5,24800.0
2015-04-27,11083.0,11091.0,11035.0,285.5,243.0,258.0,10456.0,10066.0,264.0,13250.0,11705.0,297.5,24700.0
2015-05-04,10714.0,11167.0,10865.0,285.5,244.0,258.0,9996.0,9758.0,263.0,13250.0,10970.0,297.5,24300.0
2015-05-11,10558.0,11270.0,10463.0,285.5,252.0,260.0,9371.0,9432.0,270.0,12750.0,10589.0,297.5,23900.0
2015-05-18,10269.0,10723.0,10454.0,285.5,255.0,265.0,9234.0,9386.0,270.0,12750.0,10539.0,297.5,24000.0
2015-05-25,10042.0,9744.0,10315.0,285.5,250.0,265.0,8990.0,9290.0,272.0,12750.0,10383.0,297.5,23700.0
2015-06-01,10075.0,9586.0,10333.0,285.5,245.0,265.0,8704.0,9299.0,270.0,12750.0,10210.0,297.5,23500.0
2015-06-08,10485.0,9540.0,10268.0,285.5,239.0,265.0,8833.0,9318.0,272.0,13000.0,10158.0,297.5,23800.0
2015-06-15,10468.0,8646.0,10225.0,285.5,242.0,270.0,8812.0,9319.0,271.0,13000.0,10156.0,297.5,24400.0
2015-06-22,10488.0,8816.0,10232.0,285.5,239.0,270.0,8867.0,9334.0,268.0,13000.0,10122.0,297.5,25000.0
2015-06-29,10482.0,8801.0,10245.0,285.5,229.0,270.0,8818.0,9432.0,266.0,13000.0,10099.0,297.5,25300.0
2015-07-06,10605.0,8805.0,10417.0,285.5,223.0,248.0,8877.0,9599.0,259.0,13000.0,10115.0,297.5,25500.0
2015-07-13,10791.0,8907.0,10682.0,285.5,212.0,248.0,8963.0,9943.0,255.0,13000.0,10072.0,297.5,25500.0
2015-07-20,10867.0,8745.0,10880.0,285.5,194.0,231.0,8993.0,10141.0,245.0,13000.0,10014.0,297.5,25400.0
2015-07-27,10996.0,8646.0,10883.0,285.5,203.0,225.0,8939.0,10141.0,245.0,13000.0,10013.0,297.5,25200.0
2015-08-03,11068.0,8896.0,10838.0,285.5,208.0,218.0,8830.0,10143.0,240.0,13000.0,9974.0,297.5,25000.0
2015-08-10,11059.0,8990.0,10840.0,285.5,208.0,218.0,8770.0,10087.0,245.0,13000.0,9934.0,297.5,24700.0
2015-08-17,11078.0,9007.0,10823.0,285.5,212.0,220.0,8755.0,10106.0,245.0,13000.0,9960.0,297.5,24400.0
2015-08-24,11010.0,8863.0,10853.0,285.5,212.0,220.0,8795.0,10137.0,240.0,13000.0,9953.0,297.5,24100.0
2015-08-31,11044.0,9086.0,10841.0,285.5,207.0,220.0,8862.0,10178.0,235.0,13000.0,10004.0,297.5,24100.0
2015-09-07,11159.0,9299.0,10961.0,285.5,202.0,210.0,8939.0,10233.0,230.0,14000.0,10232.0,297.5,23900.0
2015-09-14,11210.0,9282.0,10946.0,285.5,183.0,205.0,8923.0,10212.0,210.0,14000.0,10374.0,297.5,24200.0
2015-09-21,11237.0,9206.0,10949.0,285.5,181.0,205.0,8887.0,10201.0,210.0,14000.0,10411.0,297.5,24200.0
2015-09-28,11367.0,9585.0,10718.0,285.5,172.0,198.0,8969.0,10024.0,205.0,14000.0,10458.0,297.5,24000.0
2015-10-05,11357.0,9553.0,10670.0,285.5,165.0,188.0,9209.0,10043.0,195.0,14000.0,10474.0,297.5,24000.0
2015-10-12,11310.0,9574.0,10531.0,285.5,163.0,183.0,9382.0,9928.0,190.0,14000.0,10552.0,297.5,23800.0
2015-10-19,11182.0,9554.0,10400.0,285.5,154.0,183.0,9316.0,9746.0,175.0,14000.0,10620.0,297.5,23800.0
2015-10-26,11052.0,9582.0,10384.0,285.5,151.0,173.0,9354.0,9679.0,180.0,14000.0,10652.0,297.5,24200.0
2015-11-02,10624.0,9485.0,10008.0,285.5,158.0,173.0,9444.0,9242.0,185.0,14000.0,10625.0,297.5,24500.0
2015-11-09,10529.0,9195.0,9850.0,285.5,166.0,173.0,9236.0,8991.0,185.0,11000.0,10437.0,297.5,24500.0
2015-11-16,10142.0,8938.0,9541.0,285.5,175.0,173.0,9053.0,8618.0,190.0,11000.0,10356.0,297.5,23950.0
2015-11-23,9428.0,8844.0,9154.0,285.5,173.0,173.0,8416.0,8259.0,190.0,11000.0,9808.0,297.5,23750.0
2015-11-30,9133.0,8878.0,9052.0,285.5,168.0,173.0,8036.0,8160.0,185.0,11000.0,9381.0,297.5,23100.0
2015-12-07,9103.0,8660.0,9138.0,285.5,163.0,173.0,8002.0,8112.0,180.0,11000.0,9350.0,297.5,22800.0
2015-12-14,9143.0,8330.0,9142.0,285.5,161.0,173.0,8067.0,8115.0,180.0,11000.0,9326.0,297.5,22000.0
2015-12-21,9268.0,8016.0,9135.0,285.5,160.0,173.0,7813.0,8050.0,180.0,11000.0,8888.0,297.5,21700.0
2015-12-28,9337.0,8134.0,9116.0,285.5,158.0,173.0,7638.0,8064.0,180.0,11000.0,8934.0,297.5,21300.0
2016-01-04,9332.0,8077.0,9095.0,285.5,160.0,173.0,7554.0,8067.0,180.0,11000.0,8973.0,297.5,21300.0
2016-01-11,9428.0,8058.0,9221.0,285.5,160.0,173.0,7439.0,7826.0,185.0,11000.0,8963.0,297.5,21300.0
2016-01-18,9240.0,8387.0,9089.0,285.5,159.0,173.0,7538.0,8090.0,190.0,11000.0,8981.0,297.5,21200.0
2016-01-25,9272.0,8361.0,9126.0,285.5,156.0,174.0,7649.0,8176.0,190.0,11000.0,9023.0,297.5,21000.0
2016-02-01,9339.0,8860.0,9231.0,285.5,153.0,177.0,7650.0,8247.0,190.0,11000.0,9067.0,297.5,21000.0
2016-02-08,9249.0,9094.0,9428.0,285.5,150.0,177.0,7916.0,8366.0,185.0,11700.0,9011.0,297.5,21000.0
2016-02-15,9442.0,9094.0,9540.0,285.5,148.0,176.0,8037.0,8502.0,185.0,11700.0,9224.0,297.5,21200.0
2016-02-22,9335.0,9177.0,9664.0,285.5,150.0,177.0,8163.0,8603.0,187.0,11700.0,9232.0,297.5,21800.0
2016-02-29,9408.0,8899.0,9745.0,285.5,160.0,177.0,8007.0,8729.0,189.0,11700.0,9276.0,297.5,22450.0
2016-03-07,9437.0,9266.0,9724.0,285.5,169.0,182.0,7993.0,8760.0,210.0,12300.0,9373.0,297.5,23300.0
2016-03-14,9887.0,8946.0,9729.0,285.5,186.0,200.0,8604.0,9023.0,210.0,12300.0,9501.0,297.5,23800.0
2016-03-21,9933.0,8800.0,10195.0,285.5,191.0,210.0,8865.0,9462.0,240.0,12300.0,9711.0,297.5,25500.0
2016-03-28,9990.0,8900.0,10444.0,285.5,200.0,228.0,8942.0,9745.0,250.0,12300.0,9836.0,297.5,26700.0
2016-04-04,9901.0,8700.0,10595.0,285.5,208.0,238.0,9096.0,9847.0,250.0,12300.0,9847.0,297.5,29900.0
2016-04-11,10292.0,9006.0,10673.0,285.5,223.0,243.0,9097.0,9857.0,260.0,14200.0,10284.0,297.5,29950.0
2016-04-18,10153.0,8701.0,10732.0,285.5,242.0,248.0,9268.0,9924.0,275.0,14200.0,10461.0,297.5,31500.0
2016-04-25,10120.0,8760.0,11019.0,285.5,255.0,268.0,9717.0,10402.0,295.0,14200.0,10579.0,297.5,31900.0
2016-05-02,10471.0,8734.0,11567.0,285.5,271.0,275.0,10325.0,10849.0,325.0,14200.0,10763.0,297.5,40300.0
2016-05-09,11395.0,8788.0,11860.0,285.5,288.0,305.0,10585.0,11034.0,325.0,19500.0,10978.0,297.5,43500.0
2016-05-16,12611.0,10887.0,12128.0,285.5,271.0,285.0,10986.0,11282.0,315.0,19500.0,11980.0,297.5,43350.0
2016-05-23,12380.0,10862.0,12196.0,285.5,254.0,270.0,11022.0,11403.0,285.0,19500.0,12248.0,297.5,42950.0
2016-05-30,12420.0,10793.0,12443.0,285.5,199.0,250.0,11457.0,11810.0,280.0,19500.0,12613.0,297.5,42000.0
2016-06-06,12587.0,11245.0,12890.0,285.5,195.0,230.0,11276.0,11984.0,265.0,17750.0,12801.0,297.5,38300.0
2016-06-13,12587.0,11222.0,12802.0,285.5,198.0,225.0,11296.0,11884.0,245.0,17750.0,12570.0,297.5,37500.0
2016-06-20,12827.0,11117.0,12540.0,285.5,193.0,233.0,11213.0,11643.0,250.0,17750.0,12311.0,297.5,36800.0
2016-06-27,12750.0,11051.0,12171.0,285.5,194.0,233.0,11015.0,11323.0,250.0,17750.0,12160.0,297.5,35400.0
2016-07-04,12157.0,9292.0,12045.0,285.5,193.0,233.0,10216.0,10824.0,240.0,17750.0,11178.0,297.5,34400.0
2016-07-11,11872.0,9427.0,11352.0,285.5,185.0,226.0,9895.0,10444.0,245.0,15900.0,11159.0,297.5,33400.0
2016-07-18,11488.0,9273.0,11350.0,285.5,187.0,226.0,9705.0,10419.0,245.0,15900.0,11023.0,297.5,32500.0
2016-07-25,11392.0,9242.0,11269.0,285.5,200.0,226.0,9524.0,10193.0,250.0,15900.0,11030.0,297.5,32000.0
2016-08-01,11309.0,9162.0,11248.0,285.5,201.0,226.0,9532.0,10197.0,250.0,15900.0,10479.0,297.5,31000.0
2016-08-08,11239.0,9446.0,11230.0,285.5,201.0,228.0,9593.0,10411.0,245.0,14750.0,10607.0,297.5,30200.0
2016-08-15,11354.0,9424.0,11421.0,285.5,197.0,228.0,9971.0,10515.0,250.0,14750.0,10802.0,297.5,29200.0
2016-08-22,11519.0,9446.0,11509.0,285.5,200.0,225.0,10190.0,10607.0,255.0,14750.0,10858.0,297.5,28850.0
2016-08-29,11484.0,10509.0,11664.0,285.5,195.0,225.0,10287.0,10750.0,255.0,14750.0,11265.0,297.5,28700.0
2016-09-05,11336.0,10694.0,11876.0,285.5,196.0,226.0,10344.0,11036.0,255.0,14750.0,11689.0,297.5,28500.0
2016-09-12,11512.0,10918.0,12191.0,285.5,191.0,225.0,10542.0,11352.0,255.0,14750.0,12011.0,297.5,30000.0
2016-09-19,11489.0,11193.0,12420.0,285.5,188.0,236.0,10720.0,11495.0,245.0,14750.0,12257.0,297.5,32000.0
2016-09-26,11403.0,11153.0,12568.0,285.5,188.0,230.0,10937.0,11623.0,250.0,14750.0,12321.0,297.5,32500.0
2016-10-03,11612.0,11111.0,12591.0,285.5,181.0,223.0,11062.0,11721.0,243.0,14750.0,12279.0,297.5,33300.0
2016-10-10,12954.0,11304.0,13005.0,285.5,186.0,223.0,11807.0,12201.0,235.0,13400.0,13247.0,297.5,34300.0
2016-10-17,12869.0,11273.0,13017.0,285.5,194.0,223.0,11839.0,12182.0,240.0,13400.0,13132.0,297.5,33700.0
2016-10-24,12672.0,11552.0,12976.0,285.5,208.0,228.0,11878.0,12203.0,250.0,13400.0,13125.0,297.5,32200.0
2016-10-31,12716.0,11786.0,12682.0,285.5,206.0,228.0,11589.0,11917.0,270.0,13400.0,12621.0,297.5,30400.0
2016-11-07,12660.0,11792.0,12548.0,285.5,213.0,233.0,11729.0,11819.0,290.0,13900.0,12713.0,297.5,30200.0
2016-11-14,12564.0,11584.0,12483.0,285.5,236.0,260.0,11742.0,11800.0,315.0,13900.0,12866.0,297.5,29800.0
2016-11-21,12917.0,11719.0,12729.0,285.5,240.0,273.0,11858.0,12108.0,325.0,13900.0,12932.0,297.5,33500.0
2016-11-28,13434.0,11561.0,13377.0,285.5,236.0,273.0,12196.0,12556.0,320.0,13900.0,13254.0,297.5,33500.0
2016-12-05,13500.0,11894.0,13950.0,285.5,233.0,271.0,12873.0,13021.0,315.0,16800.0,13702.0,297.5,33500.0
2016-12-12,14417.0,12144.0,14492.0,285.5,230.0,270.0,13335.0,13600.0,310.0,16800.0,14300.0,297.5,33500.0
2016-12-19,15094.0,13327.0,15385.0,285.5,255.0,285.0,14171.0,14403.0,315.0,16800.0,14942.0,297.5,33000.0
2016-12-26,15561.0,13377.0,15869.0,285.5,263.0,285.0,14354.0,14969.0,310.0,16800.0,15269.0,297.5,32500.0
2017-01-02,16085.0,13393.0,15878.0,285.5,263.0,285.0,14467.0,15046.0,310.0,16800.0,15323.0,297.5,33750.0
2017-01-09,15579.0,13553.0,15705.0,285.5,263.0,285.0,14420.0,15038.0,310.0,20850.0,15322.0,297.5,33750.0
2017-01-16,16093.0,13449.0,15861.0,285.5,260.0,281.0,14583.0,15072.0,310.0,20850.0,15312.0,297.5,33750.0
2017-01-23,15659.0,13468.0,15838.0,285.5,253.0,277.0,14478.0,14887.0,315.0,20850.0,15315.0,297.5,33750.0
2017-01-30,15439.0,13396.0,15868.0,285.5,223.0,265.0,14480.0,14812.0,300.0,20850.0,15328.0,297.5,33000.0
2017-02-06,15233.0,13426.0,15642.0,285.5,209.0,265.0,14685.0,14607.0,290.0,20850.0,15303.0,297.5,32600.0
2017-02-13,14945.0,13381.0,15229.0,285.5,222.0,265.0,14280.0,14201.0,310.0,20850.0,15412.0,297.5,32000.0
2017-02-20,14799.0,13348.0,14854.0,312.5,245.0,280.0,14234.0,13780.0,328.0,20850.0,15315.0,315.0,31300.0
2017-02-27,14729.0,13155.0,14506.0,322.5,252.0,280.0,13702.0,13357.0,340.0,20850.0,14552.0,343.0,30300.0
2017-03-06,14708.0,13098.0,14184.0,352.5,255.0,285.0,12842.0,13070.0,360.0,20850.0,13624.0,362.5,30500.0
2017-03-13,14310.0,12284.0,13438.0,372.5,271.0,290.0,12538.0,12744.0,365.0,20850.0,13321.0,362.5,30700.0
2017-03-20,14112.0,12269.0,13515.0,387.5,270.0,287.0,12330.0,12395.0,385.0,20850.0,13198.0,398.5,30600.0
2017-03-27,13877.0,11824.0,13479.0,387.5,257.0,280.0,12385.0,12440.0,395.0,20850.0,13263.0,387.5,30400.0
2017-04-03,13792.0,11814.0,13477.0,377.5,249.0,280.0,12348.0,12408.0,390.0,20850.0,13316.0,367.5,29800.0
2017-04-10,13543.0,11738.0,13400.0,372.5,255.0,280.0,12384.0,12281.0,390.0,21250.0,13269.0,362.5,29500.0
2017-04-17,13631.0,11707.0,13392.0,372.5,254.0,275.0,12310.0,12245.0,387.0,21250.0,13199.0,362.5,28200.0
2017-04-24,13731.0,11652.0,13268.0,372.5,243.0,275.0,12225.0,12192.0,385.0,21250.0,13215.0,362.5,27500.0
2017-05-01,13742.0,11580.0,13298.0,367.5,239.0,270.0,12235.0,12230.0,375.0,21250.0,13174.0,342.5,26500.0
2017-05-08,13627.0,11576.0,13275.0,368.5,250.0,275.0,12270.0,12189.0,370.0,18500.0,13211.0,342.5,26300.0
2017-05-15,13442.0,11599.0,13168.0,365.0,249.0,275.0,12273.0,12170.0,370.0,18500.0,13209.0,342.5,26300.0
2017-05-22,13558.0,11566.0,13095.0,360.0,248.0,275.0,12302.0,12107.0,365.0,18500.0,13157.0,342.5,26200.0
2017-05-29,13576.0,11547.0,13080.0,352.5,247.0,270.0,12298.0,12017.0,360.0,18500.0,13136.0,347.5,26150.0
2017-06-05,13563.0,11542.0,12995.0,355.0,247.0,265.0,12152.0,11896.0,360.0,18250.0,12885.0,342.5,26150.0
2017-06-12,13437.0,11564.0,12815.0,345.0,248.0,265.0,12029.0,11708.0,355.0,18250.0,12828.0,342.5,26150.0
2017-06-19,13389.0,11545.0,12826.0,345.0,250.0,265.0,11762.0,11668.0,350.0,18250.0,12575.0,332.5,26350.0
2017-06-26,12917.0,11552.0,12821.0,344.5,254.0,265.0,11580.0,11677.0,345.0,18250.0,12376.0,332.5,26550.0
2017-07-03,12932.0,11545.0,12814.0,345.5,263.0,275.0,11609.0,11715.0,340.0,18250.0,12369.0,332.5,26650.0
2017-07-10,12925.0,11119.0,12808.0,355.5,270.0,280.0,11568.0,11695.0,350.0,18250.0,12478.0,342.5,28000.0
2017-07-17,13107.0,11124.0,12803.0,357.5,273.0,290.0,11583.0,11663.0,350.0,18250.0,12606.0,342.5,28800.0
2017-07-24,13301.0,11608.0,12766.0,362.5,278.0,290.0,11938.0,11862.0,350.0,18250.0,12999.0,350.0,29400.0
2017-07-31,13492.0,11696.0,13137.0,367.5,290.0,303.0,12038.0,12253.0,360.0,18250.0,13145.0,360.0,29400.0
2017-08-07,13519.0,11891.0,13841.0,366.0,303.0,308.0,12200.0,12697.0,355.0,18850.0,13401.0,362.5,30900.0
2017-08-14,13960.0,12226.0,14104.0,375.0,320.0,330.0,12366.0,13033.0,360.0,18850.0,13482.0,365.0,33900.0
2017-08-21,15507.0,12256.0,14648.0,375.0,329.0,340.0,13013.0,13535.0,365.0,18850.0,13638.0,365.0,35900.0
2017-08-28,16541.0,12924.0,15876.0,385.0,332.0,340.0,14149.0,14841.0,375.0,18850.0,14904.0,370.0,36800.0
2017-09-04,16341.0,13529.0,16179.0,390.0,330.0,353.0,14285.0,15142.0,380.0,18850.0,15177.0,370.0,38600.0
2017-09-11,16411.0,13732.0,16271.0,390.0,327.0,352.0,14533.0,15267.0,380.0,19350.0,15466.0,370.0,39600.0
2017-09-18,17060.0,14888.0,16676.0,386.5,315.0,352.0,15355.0,15732.0,380.0,19350.0,16078.0,370.0,38800.0
2017-09-25,17450.0,15634.0,17238.0,375.0,305.0,352.0,15692.0,16167.0,375.0,19350.0,16597.0,365.0,38800.0
2017-10-02,17386.0,15517.0,17228.0,357.5,265.0,345.0,15692.0,16221.0,345.0,19350.0,16696.0,345.0,37500.0
2017-10-09,17575.0,15386.0,17167.0,350.0,260.0,325.0,15697.0,16257.0,345.0,20650.0,16546.0,345.0,37000.0
2017-10-16,17256.0,15201.0,16933.0,351.5,265.0,325.0,16029.0,16006.0,340.0,20650.0,16804.0,342.5,35800.0
2017-10-23,17141.0,15301.0,16898.0,352.5,261.0,323.0,15815.0,15961.0,340.0,20650.0,16719.0,342.5,33800.0
2017-10-30,16555.0,14522.0,16484.0,355.0,261.0,323.0,15028.0,15416.0,340.0,20650.0,16126.0,342.5,31500.0
2017-11-06,16255.0,14274.0,16141.0,355.0,265.0,323.0,14445.0,14958.0,340.0,20000.0,15713.0,342.5,30000.0
2017-11-13,16093.0,14146.0,15769.0,352.5,260.0,330.0,14316.0,14552.0,337.0,20000.0,15601.0,342.5,32500.0
2017-11-20,15222.0,14170.0,15327.0,352.5,266.0,330.0,13691.0,14246.0,340.0,20000.0,15328.0,342.5,32500.0
2017-11-27,15389.0,14017.0,14970.0,352.5,272.0,340.0,13724.0,13932.0,335.0,20000.0,15192.0,342.5,32000.0
2017-12-04,15415.0,14013.0,14882.0,355.5,270.0,345.0,13599.0,13758.0,335.0,20000.0,15040.0,347.5,31500.0
2017-12-11,15320.0,13972.0,14759.0,366.0,285.0,355.0,13580.0,13604.0,355.0,20000.0,15028.0,375.0,31700.0
2017-12-18,15321.0,13918.0,14768.0,363.5,295.0,355.0,13632.0,13605.0,355.0,20000.0,15024.0,375.0,31800.0
2017-12-25,15297.0,14052.0,14722.0,375.0,315.0,380.0,13502.0,13567.0,360.0,20000.0,14803.0,385.0,34600.0
2018-01-01,15154.0,14322.0,14666.0,380.0,320.0,385.0,13606.0,13550.0,365.0,20000.0,14844.0,385.0,35600.0
2018-01-08,14898.0,14088.0,14478.0,382.5,320.0,390.0,13583.0,13424.0,365.0,20300.0,14727.0,387.5,35600.0
2018-01-15,14887.0,14081.0,14604.0,387.5,325.0,380.0,13598.0,13461.0,380.0,20300.0,14888.0,387.5,35600.0
2018-01-22,14846.0,14367.0,14700.0,382.5,317.0,380.0,13641.0,13544.0,380.0,20300.0,14965.0,382.5,35300.0
2018-01-29,15065.0,14359.0,14810.0,376.0,312.0,360.0,13594.0,13498.0,365.0,20300.0,14927.0,372.5,34500.0
2018-02-05,14993.0,14347.0,15065.0,372.5,300.0,360.0,13917.0,13826.0,370.0,20550.0,15211.0,367.5,33700.0
2018-02-12,14826.0,14166.0,15431.0,367.5,300.0,350.0,13967.0,14201.0,365.0,20550.0,15139.0,352.5,34000.0
2018-02-19,14967.0,14583.0,15618.0,363.5,303.0,350.0,14272.0,14413.0,360.0,20550.0,15390.0,357.5,33900.0
2018-02-26,15240.0,14657.0,15976.0,369.0,305.0,375.0,14739.0,14665.0,365.0,20550.0,15580.0,360.0,32700.0
2018-03-05,15496.0,14965.0,16356.0,382.5,315.0,385.0,15040.0,15231.0,370.0,20550.0,15836.0,372.5,32900.0
2018-03-12,15536.0,15567.0,16731.0,387.5,325.0,400.0,15040.0,15612.0,380.0,20550.0,16001.0,385.0,33300.0
2018-03-19,16989.0,15440.0,17007.0,407.5,325.0,405.0,15271.0,15775.0,395.0,20550.0,16421.0,390.0,33600.0
2018-03-26,17904.0,15583.0,17211.0,407.5,323.0,405.0,15404.0,16100.0,395.0,20550.0,16692.0,390.0,34800.0
2018-04-02,18226.0,15729.0,17710.0,400.0,322.0,395.0,16012.0,16612.0,397.0,20550.0,16921.0,385.0,36100.0
2018-04-09,18965.0,15925.0,17974.0,400.0,317.0,375.0,16221.0,17000.0,397.0,20750.0,17321.0,385.0,36100.0
2018-04-16,18828.0,15954.0,17992.0,394.0,314.0,375.0,16346.0,16988.0,397.0,20750.0,17409.0,385.0,35900.0
2018-04-23,18827.0,16016.0,17939.0,389.0,303.0,375.0,16544.0,17036.0,395.0,20750.0,17567.0,382.5,35900.0
2018-04-30,18772.0,16159.0,17862.0,386.0,308.0,360.0,16374.0,16988.0,390.0,20750.0,17628.0,372.5,36400.0
2018-05-07,18781.0,16135.0,17790.0,385.0,314.0,360.0,16330.0,16856.0,385.0,21250.0,17642.0,372.5,37900.0
2018-05-14,18581.0,16218.0,17681.0,387.5,314.0,365.0,16412.0,16787.0,385.0,21250.0,17623.0,382.5,37700.0
2018-05-21,18147.0,16191.0,17703.0,390.0,310.0,365.0,16395.0,16674.0,390.0,21250.0,17570.0,382.5,37900.0
2018-05-28,17797.0,16155.0,17678.0,397.5,303.0,365.0,16394.0,16597.0,390.0,21250.0,17518.0,382.5,37900.0
2018-06-04,17669.0,16170.0,17702.0,382.5,295.0,360.0,16468.0,16544.0,390.0,21250.0,17571.0,372.5,37600.0
2018-06-11,17475.0,16432.0,17499.0,387.5,308.0,355.0,16515.0,16362.0,390.0,21250.0,17543.0,380.0,37400.0
2018-06-18,17846.0,16604.0,17479.0,397.5,320.0,357.0,16337.0,16346.0,390.0,21250.0,17369.0,387.5,37400.0
2018-06-25,17994.0,16492.0,17279.0,400.0,325.0,357.0,16180.0,16108.0,393.0,21250.0,17325.0,387.5,37100.0
2018-07-02,17826.0,16331.0,17161.0,400.0,324.0,357.0,15945.0,15923.0,393.0,21250.0,17195.0,387.5,37100.0
2018-07-09,18064.0,16070.0,17153.0,407.5,321.0,357.0,15922.0,15963.0,400.0,23000.0,17273.0,385.0,37200.0
2018-07-16,18071.0,16424.0,17428.0,412.5,311.0,357.0,16101.0,16200.0,400.0,23000.0,17405.0,385.0,37800.0
2018-07-23,18134.0,16531.0,17657.0,412.5,305.0,355.0,16133.0,16413.0,395.0,23000.0,17443.0,385.0,37500.0
2018-07-30,18380.0,16630.0,17752.0,410.0,298.0,355.0,16194.0,16515.0,395.0,23000.0,17473.0,385.0,37500.0
2018-08-06,18412.0,16711.0,17956.0,407.5,303.0,350.0,16283.0,16721.0,395.0,23000.0,17546.0,395.0,39400.0
2018-08-13,18665.0,16881.0,18143.0,402.5,288.0,350.0,16515.0,16914.0,390.0,23000.0,17588.0,380.0,39650.0
2018-08-20,18747.0,16935.0,18228.0,395.0,263.0,350.0,16773.0,16967.0,380.0,23000.0,17649.0,370.0,40750.0
2018-08-27,18675.0,16914.0,18522.0,390.0,279.0,350.0,16810.0,17247.0,377.0,23000.0,17663.0,370.0,43100.0
2018-09-03,18833.0,17490.0,18821.0,390.0,284.0,343.0,17329.0,17608.0,377.0,23000.0,18397.0,370.0,48700.0
2018-09-10,19051.0,17636.0,19185.0,387.5,284.0,343.0,17601.0,17924.0,375.0,23000.0,18508.0,372.5,48850.0
2018-09-17,19289.0,17737.0,19615.0,386.5,292.0,343.0,17962.0,18322.0,373.0,23000.0,18833.0,372.5,48350.0
2018-09-24,19542.0,17768.0,19773.0,386.5,292.0,343.0,18212.0,18517.0,373.0,23000.0,18994.0,375.0,44600.0
2018-10-01,19529.0,17783.0,19870.0,382.5,292.0,355.0,18222.0,18596.0,370.0,23000.0,19016.0,375.0,42600.0
2018-10-08,19477.0,17906.0,19853.0,380.0,292.0,360.0,18304.0,18596.0,366.0,23750.0,18987.0,375.0,41500.0
2018-10-15,19496.0,17983.0,19794.0,381.0,293.0,360.0,18271.0,18594.0,365.0,23750.0,19007.0,381.5,40800.0
2018-10-22,19509.0,17900.0,19731.0,395.0,295.0,360.0,18245.0,18465.0,365.0,23750.0,19020.0,381.5,39700.0
2018-10-29,19607.0,17965.0,19677.0,391.5,297.0,357.0,18048.0,18401.0,364.0,23750.0,18894.0,377.5,39500.0
2018-11-05,19495.0,17937.0,19243.0,390.0,297.0,357.0,18062.0,17969.0,364.0,22750.0,19000.0,385.0,38800.0
2018-11-12,19135.0,17792.0,18834.0,390.0,305.0,357.0,17624.0,17748.0,364.0,22750.0,18718.0,382.5,38300.0
2018-11-19,18630.0,17406.0,18308.0,387.5,306.0,352.0,17113.0,17158.0,364.0,22750.0,18294.0,380.0,38000.0
2018-11-26,18130.0,17247.0,17830.0,386.5,292.0,347.0,16588.0,16667.0,364.0,22750.0,17864.0,375.0,37600.0
2018-12-03,17631.0,16766.0,17333.0,382.5,286.0,336.0,16123.0,16142.0,364.0,22750.0,17434.0,370.0,37600.0
2018-12-10,17068.0,16774.0,16881.0,379.0,276.0,332.0,15754.0,15632.0,360.0,22750.0,17120.0,362.5,37300.0
2018-12-17,17345.0,17160.0,16698.0,376.5,275.0,322.0,15150.0,15444.0,355.0,22750.0,16458.0,352.5,37000.0
2018-12-24,17312.0,17172.0,16810.0,367.5,255.0,323.0,15326.0,15545.0,350.0,22750.0,16414.0,347.5,36700.0
2018-12-31,17242.0,17056.0,16899.0,366.5,252.0,315.0,15405.0,15548.0,345.0,22750.0,16535.0,342.5,36000.0
2019-01-07,16649.0,16932.0,16848.0,362.5,245.0,310.0,15305.0,15531.0,345.0,22525.0,16513.0,340.0,36000.0
2019-01-14,16498.0,17170.0,16937.0,355.0,235.0,310.0,15356.0,15523.0,337.0,22525.0,16568.0,340.0,35700.0
2019-01-21,16455.0,16684.0,16858.0,342.5,246.0,301.0,15243.0,15489.0,325.0,22525.0,16496.0,337.5,35300.0
2019-01-28,16748.0,16520.0,16927.0,345.5,262.0,301.0,15266.0,15505.0,325.0,22525.0,16529.0,337.5,34000.0
2019-02-04,18261.0,16773.0,17458.0,345.5,283.0,322.0,15912.0,16136.0,325.0,22525.0,16787.0,340.0,33800.0
2019-02-11,18567.0,16780.0,17817.0,345.0,290.0,327.0,16196.0,16556.0,330.0,22525.0,17406.0,345.0,34550.0
2019-02-18,18541.0,16842.0,17948.0,345.0,293.0,327.0,16600.0,16700.0,332.0,22525.0,17699.0,345.0,36000.0
2019-02-25,19142.0,16898.0,18686.0,357.5,285.0,330.0,17442.0,17486.0,343.0,22525.0,18291.0,350.0,37700.0
2019-03-04,20030.0,17333.0,18848.0,355.0,275.0,325.0,17967.0,18094.0,345.0,22525.0,18852.0,347.5,40200.0
2019-03-11,20701.0,18006.0,19328.0,355.0,287.0,335.0,18920.0,18587.0,345.0,23025.0,19808.0,347.5,40200.0
2019-03-18,20774.0,18119.0,19902.0,357.5,287.0,340.0,18915.0,19010.0,350.0,23025.0,19902.0,355.0,39900.0
2019-03-25,20741.0,18421.0,19600.0,360.0,287.0,345.0,18922.0,18545.0,345.0,23025.0,19961.0,362.5,39400.0
2019-04-01,20442.0,18699.0,19208.0,360.0,287.0,340.0,18494.0,18241.0,355.0,23025.0,19560.0,355.0,39300.0
2019-04-08,19304.0,18208.0,18445.0,360.0,282.0,335.0,17493.0,17151.0,350.0,22200.0,19078.0,347.5,39500.0
2019-04-15,18955.0,17972.0,18201.0,360.0,275.0,335.0,16886.0,16903.0,355.0,22200.0,18488.0,347.5,39500.0
2019-04-22,17491.0,17523.0,16985.0,357.5,282.0,335.0,16234.0,15685.0,350.0,22200.0,17751.0,352.5,39300.0
2019-04-29,16696.0,17174.0,16652.0,355.0,280.0,315.0,16141.0,15349.0,350.0,22200.0,17602.0,350.0,39300.0
2019-05-06,16724.0,16760.0,16530.0,355.0,267.0,315.0,16132.0,15287.0,337.0,21950.0,17360.0,347.5,39300.0
2019-05-13,16045.0,16530.0,16116.0,356.0,260.0,310.0,15699.0,14933.0,337.0,21950.0,16972.0,345.0,40300.0
2019-05-20,15682.0,16563.0,16074.0,358.5,258.0,305.0,15236.0,14867.0,335.0,21950.0,16812.0,352.5,40000.0
2019-05-27,15669.0,16108.0,16044.0,359.5,275.0,305.0,14890.0,14811.0,337.0,21950.0,16438.0,355.0,40200.0
2019-06-03,15554.0,15793.0,15921.0,360.0,272.0,310.0,14391.0,14686.0,335.0,21950.0,16118.0,350.0,40200.0
2019-06-10,15391.0,15500.0,15636.0,355.0,273.0,311.0,14449.0,14176.0,333.0,21950.0,16094.0,345.0,40300.0
2019-06-17,15565.0,15530.0,15632.0,351.0,259.0,305.0,14449.0,14097.0,327.0,21950.0,16051.0,337.5,41500.0
2019-06-24,15525.0,15578.0,15636.0,347.5,250.0,305.0,14821.0,14371.0,327.0,21950.0,16142.0,337.5,40500.0
2019-07-01,15670.0,15608.0,16431.0,348.5,257.0,300.0,14991.0,15299.0,332.0,21950.0,16404.0,340.0,40500.0
2019-07-08,16603.0,15678.0,16626.0,353.5,268.0,305.0,15294.0,15474.0,335.0,21850.0,17049.0,345.0,40300.0
2019-07-15,17730.0,15866.0,17132.0,357.5,265.0,305.0,15883.0,15935.0,345.0,21850.0,17411.0,345.0,39800.0
2019-07-22,17843.0,15882.0,17509.0,359.0,265.0,305.0,16238.0,16282.0,345.0,21850.0,17571.0,350.0,39800.0
2019-07-29,18359.0,15926.0,17591.0,357.5,265.0,305.0,16254.0,16320.0,345.0,21850.0,17543.0,350.0,40200.0
2019-08-05,18523.0,15712.0,17521.0,359.0,265.0,305.0,16227.0,16334.0,345.0,21850.0,17583.0,355.0,40300.0
2019-08-12,18634.0,15744.0,17370.0,357.5,265.0,304.0,16074.0,16266.0,342.0,21850.0,17545.0,355.0,39200.0
2019-08-19,18262.0,15766.0,17177.0,357.5,260.0,304.0,15747.0,16078.0,342.0,21850.0,17508.0,352.5,38700.0
2019-08-26,17569.0,15722.0,16854.0,357.5,255.0,304.0,15613.0,15756.0,340.0,21850.0,17437.0,347.5,38200.0
2019-09-02,17403.0,15773.0,16883.0,355.0,245.0,295.0,15599.0,15686.0,335.0,21850.0,17344.0,345.0,37700.0
2019-09-09,16385.0,15924.0,16311.0,332.5,226.0,292.0,14776.0,14959.0,325.0,21850.0,16472.0,330.0,36900.0
2019-09-16,16427.0,15953.0,15958.0,332.5,212.0,277.0,14739.0,14702.0,320.0,21850.0,16391.0,327.5,36200.0
2019-09-23,15921.0,15702.0,15813.0,324.0,200.0,260.0,14498.0,14403.0,315.0,21850.0,16172.0,325.0,35000.0
2019-09-30,15688.0,15270.0,15198.0,312.5,192.0,258.0,14144.0,13765.0,300.0,21850.0,16068.0,310.0,34200.0
2019-10-07,14825.0,14832.0,14905.0,302.5,194.0,245.0,13578.0,13447.0,300.0,20750.0,15566.0,310.0,33500.0
2019-10-14,14292.0,14919.0,14432.0,300.0,204.0,242.0,13267.0,13274.0,280.0,20750.0,15105.0,300.0,33300.0
2019-10-21,14245.0,14844.0,14326.0,302.5,210.0,242.0,13033.0,13166.0,280.0,20750.0,14668.0,302.5,33500.0
2019-10-28,14262.0,14479.0,14252.0,306.0,220.0,248.0,12908.0,13172.0,285.0,20750.0,14573.0,305.0,33300.0
2019-11-04,14426.0,12937.0,14110.0,309.5,225.0,258.0,12181.0,12878.0,290.0,20750.0,13581.0,309.5,33800.0
2019-11-11,14709.0,13058.0,13839.0,316.5,231.0,265.0,12469.0,12702.0,298.0,20750.0,13494.0,312.0,33500.0
2019-11-18,14477.0,12845.0,13893.0,315.0,233.0,270.0,12563.0,12713.0,302.0,20750.0,13513.0,312.0,32300.0
2019-11-25,14627.0,12149.0,14167.0,322.5,235.0,275.0,12840.0,13100.0,305.0,20750.0,13559.0,320.0,32200.0
2019-12-02,15019.0,12756.0,14373.0,327.5,239.0,275.0,13215.0,13370.0,306.0,20750.0,14161.0,325.0,31800.0
2019-12-09,15266.0,13388.0,14614.0,335.0,255.0,282.0,13679.0,13563.0,308.0,20750.0,14638.0,333.5,31100.0
2019-12-16,15468.0,13225.0,15274.0,339.5,268.0,295.0,13801.0,13941.0,315.0,20750.0,14791.0,335.0,30600.0
2019-12-23,15532.0,13391.0,15385.0,342.5,271.0,297.0,14168.0,14059.0,320.0,20750.0,14749.0,335.0,31400.0
2019-12-30,15842.0,13431.0,15907.0,342.5,272.0,297.0,14352.0,14606.0,320.0,20750.0,15224.0,335.0,32900.0
2020-01-06,15907.0,13453.0,16047.0,342.5,272.0,299.0,14417.0,14626.0,320.0,19050.0,15438.0,335.0,32900.0
2020-01-13,16361.0,14164.0,16626.0,338.0,270.0,299.0,14506.0,15066.0,320.0,19050.0,15620.0,332.5,33400.0
2020-01-20,16475.0,14035.0,16876.0,338.0,265.0,299.0,14711.0,15470.0,328.0,19050.0,15893.0,330.0,32500.0
2020-01-27,16693.0,13893.0,16845.0,337.5,250.0,289.0,14916.0,15556.0,322.0,19050.0,16421.0,327.5,32890.0
2020-02-03,17038.0,13993.0,16833.0,322.5,240.0,285.0,15438.0,15530.0,322.0,19050.0,17040.0,320.0,33400.0
2020-02-10,17340.0,14620.0,16684.0,320.0,228.0,270.0,15862.0,15392.0,310.0,19050.0,17561.0,315.0,32800.0
2020-02-17,17062.0,14780.0,16908.0,320.0,240.0,260.0,16058.0,15454.0,310.0,19050.0,17637.0,320.0,32000.0
2020-02-24,16714.0,14756.0,15983.0,337.5,247.0,275.0,15539.0,14937.0,330.0,19050.0,17536.0,335.0,31500.0
2020-03-02,17056.0,14590.0,15608.0,341.0,245.0,275.0,15349.0,15025.0,330.0,19050.0,17115.0,337.5,32500.0
2020-03-09,15306.0,14154.0,14832.0,340.0,243.0,270.0,15082.0,14061.0,341.0,19300.0,16936.0,342.5,33500.0
2020-03-16,15441.0,14186.0,15153.0,338.5,240.0,265.0,14217.0,13672.0,335.0,19300.0,16367.0,337.5,34000.0
2020-03-23,15189.0,13993.0,15266.0,327.5,215.0,257.0,13986.0,13896.0,305.0,19300.0,15754.0,325.0,35000.0
2020-03-30,15112.0,13959.0,15124.0,307.5,188.0,240.0,13846.0,13758.0,297.0,19300.0,15563.0,302.5,35000.0
2020-04-06,15119.0,13902.0,14716.0,292.5,190.0,233.0,13533.0,13464.0,280.0,20100.0,15516.0,280.0,34500.0
2020-04-13,15003.0,13849.0,14683.0,292.5,225.0,233.0,13867.0,13324.0,285.0,20100.0,15812.0,280.0,34000.0
2020-04-20,15407.0,13923.0,14833.0,297.5,232.0,250.0,13981.0,13414.0,290.0,20100.0,16073.0,297.5,33500.0
2020-04-27,16149.0,14469.0,15546.0,302.5,232.0,250.0,14608.0,14229.0,283.0,20100.0,16684.0,295.0,33500.0
2020-05-04,16327.0,14213.0,15853.0,305.0,220.0,250.0,14859.0,14625.0,286.0,20100.0,16986.0,282.5,33500.0
2020-05-11,16247.0,14244.0,15923.0,301.0,220.0,250.0,14831.0,14627.0,288.0,20100.0,17013.0,300.0,33500.0
2020-05-18,16133.0,14045.0,15705.0,301.0,225.0,255.0,14370.0,14370.0,290.0,20100.0,16514.0,307.5,33500.0
2020-05-25,14983.0,13994.0,14946.0,307.5,220.0,252.0,13578.0,13642.0,295.0,20100.0,15486.0,307.5,33500.0
2020-06-01,14834.0,13739.0,14631.0,306.0,225.0,255.0,13058.0,13257.0,296.0,20100.0,14911.0,302.5,33000.0
2020-06-08,14309.0,13629.0,14467.0,305.0,230.0,260.0,12702.0,13091.0,307.0,20100.0,14185.0,302.5,33000.0
2020-06-15,14363.0,13702.0,14523.0,312.0,236.0,270.0,12777.0,13162.0,305.0,20100.0,13844.0,307.5,33000.0
2020-06-22,15019.0,13394.0,14771.0,312.5,235.0,281.0,13367.0,13613.0,318.0,20100.0,13687.0,310.0,33700.0
2020-06-29,15611.0,13549.0,15210.0,312.5,230.0,265.0,13917.0,14018.0,315.0,20100.0,14474.0,310.0,34500.0
2020-07-06,16135.0,13680.0,15502.0,319.0,230.0,257.0,14252.0,14232.0,310.0,20250.0,14956.0,320.0,34500.0
2020-07-13,16093.0,13891.0,15694.0,322.5,230.0,257.0,14385.0,14462.0,317.0,20250.0,15346.0,320.0,35000.0
2020-07-20,16450.0,14243.0,15809.0,325.0,235.0,257.0,14749.0,14664.0,323.0,20250.0,16007.0,325.0,35000.0
2020-07-27,16575.0,14357.0,16100.0,327.5,245.0,267.0,15036.0,14979.0,323.0,20250.0,16443.0,331.0,35100.0
2020-08-03,17052.0,14364.0,16548.0,332.5,252.0,273.0,15399.0,15362.0,325.0,20250.0,16775.0,332.5,35100.0
2020-08-10,17468.0,14462.0,16807.0,345.5,257.0,278.0,15815.0,15826.0,335.0,20250.0,17173.0,345.0,35200.0
2020-08-17,17434.0,14797.0,17205.0,347.5,259.0,293.0,16070.0,16267.0,342.0,20250.0,17596.0,347.5,35500.0
2020-08-24,17836.0,15637.0,17550.0,347.5,253.0,305.0,16335.0,16626.0,342.0,20250.0,17907.0,347.5,36500.0
2020-08-31,17989.0,15744.0,17534.0,347.5,260.0,308.0,16380.0,16583.0,345.0,20250.0,18075.0,348.5,37200.0
2020-09-07,17983.0,16233.0,17520.0,361.0,270.0,310.0,16554.0,16595.0,354.0,20550.0,18417.0,355.0,37500.0
2020-09-14,18039.0,16547.0,17869.0,367.5,276.0,314.0,17172.0,16887.0,360.0,20550.0,18961.0,362.5,37500.0
2020-09-21,19027.0,16672.0,18270.0,375.0,273.0,314.0,17817.0,17320.0,369.0,20550.0,19405.0,362.5,38000.0
2020-09-28,19507.0,17257.0,18706.0,371.0,273.0,305.0,18220.0,17687.0,363.0,20550.0,19591.0,362.5,38500.0
2020-10-05,19744.0,17768.0,18923.0,372.0,266.0,305.0,18492.0,17962.0,348.0,22350.0,19934.0,367.5,39500.0
2020-10-12,19928.0,17982.0,19099.0,372.0,260.0,302.0,18681.0,18201.0,355.0,22350.0,20070.0,367.5,40000.0
2020-10-19,19716.0,17973.0,19062.0,370.0,260.0,301.0,18466.0,18148.0,355.0,22350.0,20070.0,367.5,39500.0
2020-10-26,19708.0,18031.0,18857.0,370.0,262.0,301.0,18526.0,18044.0,359.0,22350.0,20063.0,370.0,39500.0
2020-11-02,19823.0,18089.0,18906.0,370.0,264.0,303.0,18742.0,18080.0,359.0,22350.0,20215.0,370.0,39500.0
2020-11-09,20125.0,18438.0,19351.0,372.5,266.0,308.0,19029.0,18508.0,370.0,23100.0,20562.0,377.5,39500.0
2020-11-16,20199.0,18723.0,19672.0,385.0,280.0,325.0,19116.0,18760.0,379.0,23100.0,20650.0,393.5,39500.0
2020-11-23,20488.0,19062.0,20073.0,408.5,300.0,335.0,19331.0,19154.0,405.0,23100.0,20966.0,412.5,39500.0
2020-11-30,21016.0,18927.0,20698.0,430.0,315.0,340.0,19632.0,19729.0,435.0,23100.0,21348.0,464.0,41500.0
2020-12-07,21464.0,19187.0,21376.0,474.0,320.0,380.0,20299.0,20457.0,470.0,24600.0,21786.0,481.0,42500.0
2020-12-14,22924.0,19772.0,22459.0,490.0,365.0,390.0,21377.0,21690.0,490.0,24600.0,22629.0,506.0,51000.0
2020-12-21,24467.0,20725.0,23828.0,500.0,405.0,455.0,22925.0,23142.0,515.0,24600.0,23676.0,527.5,58000.0
2020-12-28,26167.0,22224.0,26123.0,510.0,433.0,475.0,24565.0,25395.0,540.0,24600.0,25382.0,562.5,61000.0
2021-01-04,27485.0,23365.0,27402.0,522.5,440.0,475.0,26082.0,26802.0,540.0,24600.0,27156.0,562.5,61000.0
2021-01-11,27884.0,23572.0,28007.0,545.0,443.0,480.0,26461.0,27134.0,555.0,32375.0,27967.0,567.5,61000.0
2021-01-18,27893.0,24195.0,28134.0,545.0,428.0,480.0,26348.0,27297.0,555.0,32375.0,27545.0,562.5,62000.0
2021-01-25,28573.0,25479.0,28415.0,535.0,403.0,455.0,27178.0,27647.0,525.0,32375.0,27983.0,545.0,62000.0
2021-02-01,28416.0,25579.0,28503.0,520.0,380.0,417.0,27494.0,27662.0,505.0,32375.0,28246.0,515.0,59000.0
2021-02-08,28187.0,25285.0,28002.0,510.0,363.0,397.0,27253.0,27102.0,495.0,29875.0,28177.0,505.0,55000.0
2021-02-15,26751.0,24914.0,26993.0,522.5,370.0,415.0,26000.0,25834.0,500.0,29875.0,27643.0,527.5,51500.0
2021-02-22,25897.0,24774.0,25779.0,530.0,380.0,440.0,25440.0,24638.0,520.0,29875.0,27158.0,545.0,48500.0
2021-03-01,26494.0,24850.0,25524.0,544.0,410.0,445.0,25314.0,24653.0,525.0,29875.0,27240.0,556.5,48000.0
2021-03-08,26694.0,25336.0,26096.0,570.0,422.0,460.0,26011.0,25029.0,546.0,30875.0,27254.0,569.0,49000.0
2021-03-15,26961.0,26291.0,26877.0,557.5,407.0,460.0,26177.0,25843.0,546.0,30875.0,27738.0,560.0,50500.0
2021-03-22,27526.0,26498.0,27680.0,559.0,390.0,434.0,26624.0,26670.0,545.0,30875.0,28137.0,567.5,50800.0
2021-03-29,28225.0,27172.0,28656.0,555.0,380.0,438.0,27371.0,27585.0,545.0,30875.0,28832.0,565.0,51500.0
2021-04-05,28804.0,27524.0,28998.0,556.0,390.0,442.0,27728.0,27967.0,545.0,37600.0,29311.0,563.5,53500.0
2021-04-12,28948.0,27737.0,28730.0,558.5,392.0,455.0,27676.0,27727.0,550.0,37600.0,29418.0,562.5,54500.0
2021-04-19,28798.0,27700.0,28318.0,570.0,388.0,460.0,27420.0,27434.0,550.0,37600.0,29405.0,563.0,58500.0
2021-04-26,28571.0,27709.0,27879.0,574.0,388.0,456.0,27481.0,26981.0,565.0,37600.0,29309.0,580.0,60500.0
2021-05-03,28138.0,27722.0,27484.0,581.0,400.0,466.0,27325.0,26450.0,580.0,37600.0,29031.0,590.0,62500.0
2021-05-10,27905.0,27700.0,27155.0,607.5,432.0,471.0,27092.0,26104.0,600.0,37600.0,28821.0,613.5,63500.0
2021-05-17,27865.0,27883.0,27257.0,672.5,467.0,525.0,27165.0,26160.0,660.0,37600.0,29010.0,665.0,67000.0
2021-05-24,28524.0,28571.0,27865.0,675.0,470.0,535.0,27588.0,26709.0,640.0,37600.0,29303.0,670.0,71900.0
2021-05-31,29326.0,28883.0,28807.0,672.5,475.0,518.0,28134.0,27659.0,640.0,37600.0,29809.0,667.5,71900.0
2021-06-07,29672.0,28805.0,29278.0,662.5,468.0,508.0,28352.0,28162.0,635.0,38350.0,30160.0,660.0,72500.0
2021-06-14,29561.0,28242.0,29330.0,656.0,469.0,515.0,28373.0,28260.0,635.0,38350.0,30148.0,653.5,74000.0
2021-06-21,29375.0,27722.0,29190.0,661.5,465.0,515.0,28202.0,28003.0,640.0,38350.0,30128.0,658.0,74000.0
2021-06-28,29065.0,26673.0,28969.0,655.0,462.0,513.0,27807.0,27679.0,605.0,38350.0,30111.0,652.5,74000.0
2021-07-05,27776.0,25813.0,27889.0,660.0,460.0,518.0,26924.0,26892.0,600.0,42500.0,29662.0,670.0,74000.0
2021-07-12,26909.0,25816.0,27063.0,662.5,458.0,518.0,26257.0,25966.0,585.0,42500.0,28463.0,667.5,73500.0
2021-07-19,26080.0,25855.0,25804.0,658.5,448.0,508.0,25358.0,24734.0,605.0,42500.0,27589.0,645.0,72500.0
2021-07-26,26272.0,24580.0,26161.0,655.0,440.0,508.0,24725.0,24714.0,608.0,42500.0,26726.0,637.5,71500.0
2021-08-02,26890.0,23645.0,26351.0,647.5,427.0,503.0,24886.0,25089.0,590.0,42500.0,26656.0,635.0,69500.0
2021-08-09,27101.0,24491.0,26706.0,605.0,417.0,500.0,25215.0,25589.0,565.0,42500.0,26812.0,592.5,66000.0
2021-08-16,27849.0,24489.0,27356.0,577.5,410.0,495.0,25672.0,26472.0,540.0,42500.0,26824.0,577.5,65000.0
2021-08-23,27941.0,24136.0,27394.0,567.5,400.0,500.0,26077.0,26514.0,500.0,42500.0,26890.0,562.5,63500.0
2021-08-30,28185.0,24175.0,27420.0,552.5,396.0,500.0,25998.0,26654.0,500.0,42500.0,26960.0,537.5,62000.0
2021-09-06,28241.0,24250.0,27418.0,498.5,394.0,483.0,25879.0,26541.0,505.0,40000.0,27339.0,537.5,59000.0
2021-09-13,28233.0,24106.0,27219.0,500.0,390.0,483.0,25793.0,26413.0,470.0,40000.0,27259.0,537.5,56500.0
2021-09-20,27854.0,24607.0,26724.0,501.5,386.0,498.0,25523.0,26108.0,475.0,40000.0,26988.0,537.5,55000.0
2021-09-27,27166.0,24138.0,26251.0,497.5,386.0,500.0,25059.0,25488.0,498.0,40000.0,26703.0,532.5,54000.0
2021-10-04,26784.0,23908.0,25750.0,550.0,386.0,500.0,24722.0,25050.0,478.0,40000.0,26496.0,534.0,56800.0
2021-10-11,26523.0,24028.0,25604.0,557.5,402.0,508.0,24681.0,24896.0,500.0,38500.0,26474.0,557.5,59000.0
2021-10-18,26086.0,24275.0,25157.0,562.5,432.0,528.0,24534.0,24515.0,515.0,38500.0,26537.0,565.0,64000.0
2021-10-25,26593.0,24629.0,25936.0,577.5,451.0,544.0,25363.0,25359.0,540.0,38500.0,27467.0,577.5,73000.0
2021-11-01,27708.0,24737.0,27341.0,577.5,450.0,550.0,26648.0,26592.0,545.0,38500.0,28334.0,580.0,77000.0
2021-11-08,28831.0,24893.0,28389.0,580.0,446.0,541.0,27498.0,27446.0,530.0,39250.0,28778.0,577.5,79000.0
2021-11-15,29339.0,25638.0,28841.0,580.0,446.0,528.0,28006.0,28100.0,545.0,39250.0,29351.0,582.5,78000.0
2021-11-22,30104.0,25790.0,29662.0,579.0,444.0,528.0,28584.0,29015.0,540.0,39250.0,30195.0,582.5,72500.0
2021-11-29,30914.0,26133.0,30376.0,572.5,438.0,530.0,29414.0,29906.0,520.0,39250.0,30842.0,571.5,64000.0
2021-12-06,31202.0,26178.0,30713.0,572.5,428.0,530.0,29724.0,30184.0,525.0,39250.0,31083.0,560.0,61500.0
2021-12-13,30750.0,26031.0,30050.0,557.5,415.0,528.0,28958.0,29578.0,515.0,39250.0,30275.0,545.0,60500.0
2021-12-20,29870.0,25299.0,29447.0,552.5,410.0,520.0,28299.0,28862.0,510.0,39250.0,29555.0,535.0,61500.0
2021-12-27,29631.0,24741.0,28941.0,547.5,413.0,512.0,27848.0,28419.0,510.0,39250.0,29024.0,535.0,62500.0
2022-01-03,29121.0,24326.0,28566.0,547.5,415.0,500.0,27215.0,27969.0,510.0,39250.0,28407.0,535.0,63500.0
2022-01-10,28826.0,24255.0,28615.0,540.0,416.0,500.0,26977.0,27830.0,500.0,39000.0,28802.0,530.0,63500.0
2022-01-17,29086.0,25878.0,28751.0,547.5,425.0,510.0,27257.0,27934.0,515.0,39000.0,28622.0,537.5,63700.0
2022-01-24,28955.0,25949.0,28321.0,547.5,425.0,518.0,27140.0,27651.0,520.0,39000.0,28389.0,545.0,62500.0
2022-01-31,29396.0,25683.0,28816.0,547.5,425.0,530.0,27624.0,27972.0,530.0,39000.0,28807.0,567.5,62900.0
2022-02-07,30752.0,26372.0,30282.0,580.0,445.0,535.0,28859.0,29440.0,555.0,40500.0,30078.0,582.5,65000.0
2022-02-14,32114.0,27970.0,31346.0,592.5,458.0,555.0,29977.0,30598.0,570.0,40500.0,31458.0,594.0,65500.0
2022-02-21,32898.0,28335.0,32085.0,620.0,460.0,560.0,30930.0,31407.0,585.0,40500.0,32417.0,615.0,69000.0
2022-02-28,33913.0,28968.0,33041.0,625.0,460.0,568.0,31875.0,32437.0,585.0,40500.0,33208.0,620.0,78000.0
2022-03-07,35186.0,31048.0,34263.0,707.5,497.0,575.0,32402.0,32619.0,680.0,39500.0,34466.0,722.5,77000.0
2022-03-14,32835.0,31137.0,32912.0,790.0,578.0,598.0,31181.0,30755.0,761.0,39500.0,33349.0,804.0,74000.0
2022-03-21,29971.0,27892.0,29736.0,785.0,588.0,640.0,28228.0,28469.0,761.0,39500.0,30238.0,785.0,67000.0
2022-03-28,27675.0,27476.0,27559.0,855.0,587.0,658.0,26485.0,26492.0,780.0,39500.0,28568.0,725.0,69500.0
2022-04-04,26916.0,26778.0,26627.0,845.0,584.0,650.0,25185.0,25648.0,768.0,39500.0,27411.0,725.0,69500.0
2022-04-11,26208.0,25966.0,25989.0,810.0,583.0,637.0,24659.0,24910.0,681.0,46000.0,27074.0,715.0,67500.0
2022-04-18,26943.0,26986.0,26719.0,765.0,575.0,622.0,25352.0,25607.0,680.0,46000.0,27984.0,695.0,64000.0
2022-04-25,29731.0,28925.0,28891.0,720.0,547.0,610.0,28254.0,28030.0,650.0,46000.0,30202.0,670.0,61500.0
2022-05-02,31615.0,29737.0,30427.0,680.0,492.0,585.0,31376.0,29767.0,610.0,46000.0,32061.0,615.0,58000.0
2022-05-09,32249.0,29951.0,31017.0,675.0,467.0,550.0,31982.0,30523.0,560.0,42000.0,32880.0,575.0,56000.0
2022-05-16,31462.0,28736.0,30791.0,690.0,425.0,525.0,31548.0,30082.0,450.0,42000.0,32910.0,530.0,54000.0
2022-05-23,29099.0,26720.0,28480.0,570.0,415.0,510.0,29528.0,27356.0,468.0,42000.0,30626.0,510.0,50000.0
2022-05-30,23603.0,23317.0,21615.0,567.5,411.0,500.0,23798.0,21574.0,447.0,42000.0,25964.0,485.0,46000.0
2022-06-06,21843.0,19757.0,20122.0,550.0,390.0,497.0,18829.0,19499.0,430.0,33000.0,23137.0,460.0,43500.0
2022-06-13,20112.0,17185.0,18736.0,540.0,374.0,490.0,18445.0,17655.0,463.0,33000.0,21258.0,450.0,42000.0
2022-06-20,18343.0,16334.0,18221.0,515.0,333.0,453.0,17335.0,16963.0,400.0,33000.0,20827.0,432.5,43000.0
2022-06-27,18306.0,15790.0,17846.0,490.0,292.0,403.0,17107.0,16514.0,365.0,33000.0,20230.0,390.0,44000.0
2022-07-04,18054.0,16063.0,17223.0,487.5,298.0,378.0,17134.0,16006.0,360.0,33000.0,19477.0,390.0,45000.0
2022-07-11,18268.0,15297.0,17148.0,492.5,353.0,383.0,16544.0,15790.0,390.0,29900.0,19166.0,420.0,45500.0
2022-07-18,20207.0,16673.0,18308.0,492.5,364.0,395.0,17103.0,16212.0,410.0,29900.0,19955.0,455.0,47000.0
2022-07-25,21962.0,16962.0,20147.0,525.0,342.0,390.0,18040.0,17776.0,410.0,29900.0,20489.0,475.0,47500.0
2022-08-01,23751.0,17547.0,21835.0,445.0,310.0,380.0,19731.0,19730.0,400.0,29900.0,22020.0,435.0,47500.0
2022-08-08,25568.0,21195.0,23534.0,435.0,315.0,370.0,22180.0,21650.0,390.0,23250.0,24183.0,420.0,49000.0
2022-08-15,26015.0,21461.0,23841.0,455.0,350.0,385.0,22858.0,22016.0,390.0,23250.0,24832.0,430.0,47500.0
2022-08-22,25881.0,21510.0,24239.0,455.0,353.0,395.0,22884.0,22324.0,380.0,23250.0,24946.0,430.0,46500.0
2022-08-29,25793.0,21069.0,24231.0,455.0,356.0,420.0,22530.0,22250.0,368.0,23250.0,24924.0,410.0,46000.0
2022-09-05,24677.0,20920.0,23357.0,435.0,351.0,440.0,22383.0,21498.0,370.0,23350.0,24665.0,400.0,46000.0
2022-09-12,24588.0,21739.0,22647.0,425.0,328.0,415.0,21766.0,21004.0,360.0,23350.0,24300.0,390.0,46000.0
2022-09-19,24568.0,21481.0,22518.0,430.0,305.0,390.0,21340.0,20865.0,355.0,23350.0,24178.0,390.0,46000.0
2022-09-26,24349.0,21353.0,22726.0,440.0,292.0,385.0,21207.0,20763.0,355.0,23350.0,24155.0,395.0,45500.0
2022-10-03,24524.0,20719.0,22719.0,445.0,309.0,395.0,21294.0,20652.0,365.0,23350.0,24239.0,420.0,45500.0
2022-10-10,24418.0,21040.0,22662.0,455.0,311.0,405.0,21285.0,20551.0,395.0,22000.0,24246.0,432.5,45000.0
2022-10-17,24277.0,21198.0,22585.0,455.0,312.0,405.0,21123.0,20338.0,395.0,22000.0,24176.0,427.5,44000.0
2022-10-24,24351.0,21680.0,22558.0,470.0,306.0,405.0,21143.0,20665.0,395.0,22000.0,24203.0,422.5,43000.0
2022-10-31,23600.0,22246.0,22220.0,465.0,300.0,405.0,20740.0,20021.0,379.0,22000.0,23860.0,407.5,42000.0
2022-11-07,22248.0,21998.0,21481.0,457.5,265.0,394.0,20630.0,18986.0,370.0,22500.0,22976.0,400.0,41500.0
2022-11-14,21319.0,20982.0,20399.0,435.0,257.0,378.0,18825.0,18023.0,345.0,22500.0,21898.0,387.5,41000.0
2022-11-21,21096.0,21124.0,19835.0,442.5,259.0,368.0,18403.0,17733.0,335.0,22500.0,21532.0,380.0,40000.0
2022-11-28,20975.0,19842.0,19843.0,445.0,271.0,350.0,18069.0,17629.0,361.0,22500.0,21227.0,382.5,40000.0
2022-12-05,20253.0,18801.0,19746.0,450.0,297.0,350.0,17981.0,17000.0,350.0,21000.0,20770.0,392.5,40500.0
2022-12-12,20174.0,17332.0,19435.0,445.0,311.0,366.0,17668.0,16939.0,355.0,21000.0,20444.0,392.5,41700.0
2022-12-19,19973.0,17727.0,19341.0,447.5,312.0,405.0,17384.0,16962.0,355.0,21000.0,20072.0,392.5,41700.0
2022-12-26,19988.0,18031.0,19386.0,447.5,311.0,400.0,17035.0,16999.0,359.0,21000.0,19730.0,400.0,42500.0
2023-01-02,20090.0,17705.0,19412.0,452.5,320.0,402.0,17009.0,17045.0,370.0,21000.0,19743.0,402.5,42700.0
2023-01-09,20700.0,20344.0,19581.0,457.5,338.0,402.0,16537.0,17360.0,377.0,22500.0,20566.0,422.5,42700.0
2023-01-16,21951.0,19028.0,20288.0,457.5,347.0,425.0,18012.0,18415.0,405.0,22500.0,20764.0,448.5,42700.0
2023-01-23,23307.0,18750.0,21626.0,455.0,336.0,440.0,19384.0,19702.0,400.0,22500.0,21449.0,452.5,42800.0
2023-01-30,24553.0,21524.0,23110.0,465.0,343.0,435.0,20519.0,21036.0,400.0,22500.0,22424.0,442.5,42800.0
2023-02-06,25587.0,22311.0,23784.0,512.5,359.0,435.0,21336.0,21794.0,410.0,24000.0,23780.0,477.5,44500.0
2023-02-13,25741.0,23774.0,24100.0,505.0,363.0,446.0,22626.0,22058.0,415.0,24000.0,24807.0,457.5,44500.0
2023-02-20,25837.0,24060.0,24184.0,500.0,354.0,443.0,23297.0,22134.0,423.0,24000.0,25635.0,465.0,46000.0
2023-02-27,25814.0,24275.0,24047.0,502.5,375.0,443.0,23404.0,22039.0,423.0,24000.0,26010.0,455.0,49200.0
2023-03-06,25821.0,25347.0,24055.0,500.0,387.0,448.0,24078.0,22056.0,430.0,25500.0,26555.0,467.5,53700.0
2023-03-13,26750.0,25313.0,25021.0,502.5,393.0,453.0,24550.0,23004.0,452.0,25500.0,27052.0,475.0,55500.0
