Date,"Лом_HMS 1/2 80:20, FOB EC Роттердам, $/т","Лом_3А, РФ CPT ж/д Южный ФО, руб./т, без НДС","Лом_3А, РФ CPT ж/д Сибирский ФО, руб./т, без НДС","Лом_3А, РФ CPT ж/д Центральный ФО, руб./т, без НДС","ЖРС_Китай Iron ore fines Fe 62%, CFR","Чугун_CFR Италия, $/т","ЖРС_Российские окатыши Fe 62-65,5%, SiO2 5,8-8,65, DAP Забайкальск-Манжули, $/т","Лом_HMS 1/2 80:20, FOB США Восток, $/т","Лом_3А, FOB РФ Черное море, $/т","Чугун_FOB Бразилия Север, $/т","Лом_HMS 1/2 80:20, CFR ЮВА, $/т","Лом_3А, РФ FCA ж/д респ. Татарстан, руб./т, без НДС","Лом_3А, РФ FCA ж/д Московский регион, руб./т, без НДС","Чугун_FOB Россия Черное море, $/т","ЖРС_Россия концентрат Fe 64-68%, FCA руб./т, без НДС","Чугун_Россия, FCA руб./т, без НДС","ЖРС_Россия окатыши Fe 62-65,5% FCA руб./т, без НДС","ГБЖ_CFR Италия, $/т","Лом_3А, РФ CPT ж/д Уральский ФО, руб./т, без НДС","Лом_HMS 1/2 80:20, CFR Турция, $/т","Чугун_CFR NOLA США, $/т","Чугун_CFR Турция, $/т","ЖРС_Средневзвешенная цена окатыши Fe 62-65,5%, Россия FCA руб./т, без НДС","ЖРС_Средневзвешенная цена концентрат Fe 64-68%, Россия FCA руб./т, без НДС","ЖРС_Средневзвешенная цена за 1 % Fe в аглоруде, Россия FCA руб./т, без НДС",Цена на арматуру
2015-01-05,228.0,12344.0,10009.0,12728.0,62.0,285.5,70.0,221.0,221.0,338.0,248.0,11573.0,11870.0,297.0,2275.0,21250.0,3450.0,249.5,11598.0,246.0,312.0,297.5,3540.0,2097.0,23.0,32900.0
2015-01-12,228.0,12344.0,10009.0,12728.0,62.0,285.5,70.0,221.0,221.0,338.0,248.0,11573.0,11870.0,297.0,2275.0,21250.0,3450.0,249.5,11598.0,246.0,312.0,297.5,3540.0,2097.0,23.0,32500.0
2015-01-19,228.0,12344.0,10009.0,12728.0,62.0,285.5,70.0,221.0,221.0,338.0,248.0,11573.0,11870.0,297.0,2275.0,21250.0,3450.0,249.5,11598.0,246.0,312.0,297.5,3540.0,2097.0,23.0,32000.0
2015-01-26,228.0,12344.0,10009.0,12728.0,62.0,285.5,70.0,221.0,221.0,338.0,248.0,11573.0,11870.0,297.0,2275.0,21250.0,3450.0,249.5,11598.0,246.0,312.0,297.5,3540.0,2097.0,23.0,30700.0
2015-02-02,228.0,12344.0,10009.0,12728.0,62.0,285.5,70.0,221.0,221.0,338.0,248.0,11573.0,11870.0,297.0,2275.0,21250.0,3450.0,249.5,11598.0,246.0,312.0,297.5,3540.0,2097.0,23.0,30300.0
2015-02-09,228.0,12344.0,10009.0,12728.0,62.0,285.5,70.0,221.0,221.0,338.0,248.0,11573.0,11870.0,297.0,2275.0,21250.0,3450.0,249.5,11598.0,246.0,312.0,297.5,3540.0,2097.0,23.0,30300.0
2015-02-16,206.0,12271.0,10432.0,12852.0,63.0,285.5,70.0,221.0,213.0,308.0,248.0,11746.0,12088.0,278.0,2275.0,21250.0,3450.0,249.5,11794.0,243.0,312.0,297.5,3540.0,2097.0,23.0,30100.0
2015-02-23,207.0,12645.0,11981.0,13034.0,64.0,285.5,72.0,215.0,208.0,295.0,248.0,11930.0,12503.0,265.0,2275.0,21250.0,3450.0,249.5,12047.0,241.0,312.0,297.5,3540.0,2097.0,23.0,29400.0
2015-03-02,214.0,12696.0,11912.0,12910.0,63.0,285.5,72.0,224.0,215.0,295.0,248.0,12100.0,12439.0,265.0,2275.0,21250.0,3450.0,249.5,12253.0,249.0,312.0,297.5,3540.0,2097.0,23.0,29200.0
2015-03-09,232.0,12916.0,12061.0,12964.0,61.0,285.5,70.0,229.0,221.0,275.0,248.0,11774.0,12020.0,265.0,2425.0,15250.0,3500.0,249.5,12183.0,257.0,312.0,297.5,3540.0,2097.0,23.0,29000.0
2015-03-16,229.0,12883.0,11893.0,12812.0,58.0,285.5,67.0,231.0,223.0,265.0,248.0,11733.0,12093.0,263.0,2425.0,15250.0,3500.0,249.5,12140.0,256.0,312.0,297.5,3540.0,2097.0,23.0,28700.0
2015-03-23,230.0,12753.0,11945.0,12694.0,56.0,285.5,65.0,230.0,220.0,263.0,253.0,11540.0,11763.0,263.0,2425.0,15250.0,3500.0,249.5,12139.0,254.0,312.0,297.5,3540.0,2097.0,23.0,27800.0
2015-03-30,231.0,12521.0,11853.0,12569.0,55.0,285.5,63.5,233.0,221.0,269.0,254.0,11579.0,11719.0,261.0,2425.0,15250.0,3500.0,249.5,12113.0,256.0,312.0,297.5,3601.0,2322.0,23.0,27200.0
2015-04-06,235.0,12395.0,11785.0,12421.0,50.0,285.5,58.0,236.0,229.0,265.0,258.0,11378.0,11250.0,264.0,2175.0,13250.0,3200.0,249.5,12369.0,262.0,312.0,297.5,3601.0,2322.0,23.0,26600.0
2015-04-13,238.0,12220.0,11327.0,12146.0,48.0,285.5,57.5,236.0,229.0,265.0,258.0,11056.0,11327.0,260.0,2175.0,13250.0,3200.0,249.5,12324.0,263.0,312.0,297.5,3601.0,2322.0,23.0,25700.0
2015-04-20,245.0,11830.0,11050.0,11716.0,50.0,285.5,58.5,241.0,238.0,265.0,258.0,10613.0,10555.0,260.0,2175.0,13250.0,3200.0,249.5,12109.0,267.0,312.0,297.5,3601.0,2322.0,23.0,24800.0
2015-04-27,250.0,11083.0,11091.0,11035.0,54.0,285.5,61.0,248.0,243.0,270.0,258.0,10456.0,10066.0,264.0,2175.0,13250.0,3200.0,249.5,11705.0,274.0,312.0,297.5,3601.0,2322.0,23.0,24700.0
2015-05-04,251.0,10714.0,11167.0,10865.0,58.0,285.5,62.5,249.0,244.0,265.0,258.0,9996.0,9758.0,263.0,2175.0,13250.0,3200.0,249.5,10970.0,276.0,312.0,297.5,3376.0,2192.0,23.0,24300.0
2015-05-11,259.0,10558.0,11270.0,10463.0,60.0,285.5,64.0,257.0,252.0,263.0,260.0,9371.0,9432.0,270.0,1750.0,12750.0,2600.0,249.5,10589.0,285.0,312.0,297.5,3376.0,2192.0,23.0,23900.0
2015-05-18,265.0,10269.0,10723.0,10454.0,62.0,285.5,65.0,264.0,255.0,263.0,265.0,9234.0,9386.0,270.0,1750.0,12750.0,2600.0,249.5,10539.0,288.0,312.0,297.5,3376.0,2192.0,23.0,24000.0
2015-05-25,263.0,10042.0,9744.0,10315.0,59.0,285.5,64.0,262.0,250.0,265.0,265.0,8990.0,9290.0,272.0,1750.0,12750.0,2600.0,249.5,10383.0,283.0,312.0,297.5,2594.0,2192.0,23.0,23700.0
2015-06-01,262.0,10075.0,9586.0,10333.0,62.0,285.5,65.5,258.0,245.0,265.0,265.0,8704.0,9299.0,270.0,1750.0,12750.0,2600.0,249.5,10210.0,280.0,312.0,297.5,2594.0,1772.0,22.0,23500.0
2015-06-08,261.0,10485.0,9540.0,10268.0,64.0,285.5,66.5,258.0,239.0,265.0,265.0,8833.0,9318.0,272.0,1950.0,13000.0,2760.0,249.5,10158.0,279.0,312.0,297.5,2594.0,1772.0,22.0,23800.0
2015-06-15,261.0,10468.0,8646.0,10225.0,65.0,285.5,69.0,258.0,242.0,265.0,270.0,8812.0,9319.0,271.0,1950.0,13000.0,2760.0,249.5,10156.0,279.0,312.0,297.5,2594.0,1772.0,22.0,24400.0
2015-06-22,257.0,10488.0,8816.0,10232.0,62.0,285.5,66.0,255.0,239.0,265.0,270.0,8867.0,9334.0,268.0,1950.0,13000.0,2760.0,249.5,10122.0,273.0,312.0,297.5,2594.0,1772.0,22.0,25000.0
2015-06-29,237.0,10482.0,8801.0,10245.0,61.0,285.5,64.5,236.0,229.0,265.0,270.0,8818.0,9432.0,266.0,1950.0,13000.0,2760.0,249.5,10099.0,266.0,312.0,297.5,2756.0,1991.0,22.0,25300.0
2015-07-06,224.0,10605.0,8805.0,10417.0,58.0,285.5,63.5,225.0,223.0,265.0,248.0,8877.0,9599.0,259.0,2125.0,13000.0,3025.0,249.5,10115.0,252.0,312.0,297.5,2756.0,1991.0,22.0,25500.0
2015-07-13,219.0,10791.0,8907.0,10682.0,49.0,285.5,57.5,213.0,212.0,265.0,248.0,8963.0,9943.0,255.0,2125.0,13000.0,3025.0,249.5,10072.0,240.0,312.0,297.5,2756.0,1991.0,22.0,25500.0
2015-07-20,201.0,10867.0,8745.0,10880.0,50.0,285.5,58.0,201.0,194.0,265.0,231.0,8993.0,10141.0,245.0,2125.0,13000.0,3025.0,249.5,10014.0,225.0,312.0,297.5,2756.0,1991.0,22.0,25400.0
2015-07-27,201.0,10996.0,8646.0,10883.0,52.0,285.5,59.0,201.0,203.0,265.0,225.0,8939.0,10141.0,245.0,2125.0,13000.0,3025.0,249.5,10013.0,227.0,312.0,297.5,3008.0,2144.0,21.0,25200.0
2015-08-03,208.0,11068.0,8896.0,10838.0,54.0,285.5,61.5,205.0,208.0,265.0,218.0,8830.0,10143.0,240.0,1900.0,13000.0,2750.0,249.5,9974.0,233.0,312.0,297.5,3008.0,2144.0,21.0,25000.0
2015-08-10,215.0,11059.0,8990.0,10840.0,56.0,285.5,63.5,211.0,208.0,255.0,218.0,8770.0,10087.0,245.0,1900.0,13000.0,2750.0,249.5,9934.0,240.0,312.0,297.5,3008.0,2144.0,21.0,24700.0
2015-08-17,211.0,11078.0,9007.0,10823.0,56.0,285.5,63.5,215.0,212.0,255.0,220.0,8755.0,10106.0,245.0,1900.0,13000.0,2750.0,249.5,9960.0,243.0,312.0,297.5,3008.0,2144.0,21.0,24400.0
2015-08-24,204.0,11010.0,8863.0,10853.0,56.0,285.5,63.5,210.0,212.0,250.0,220.0,8795.0,10137.0,240.0,1900.0,13000.0,2750.0,249.5,9953.0,236.0,312.0,297.5,3008.0,2144.0,21.0,24100.0
2015-08-31,211.0,11044.0,9086.0,10841.0,54.0,285.5,62.5,215.0,207.0,248.0,220.0,8862.0,10178.0,235.0,1900.0,13000.0,2750.0,249.5,10004.0,231.0,312.0,297.5,2745.0,1910.0,21.0,24100.0
2015-09-07,201.0,11159.0,9299.0,10961.0,56.0,285.5,63.5,200.0,202.0,236.0,210.0,8939.0,10233.0,230.0,2000.0,14000.0,2900.0,249.5,10232.0,220.0,312.0,297.5,2745.0,1910.0,21.0,23900.0
2015-09-14,184.0,11210.0,9282.0,10946.0,58.0,285.5,64.5,189.0,183.0,236.0,205.0,8923.0,10212.0,210.0,2000.0,14000.0,2900.0,249.5,10374.0,206.0,312.0,297.5,2745.0,1910.0,21.0,24200.0
2015-09-21,180.0,11237.0,9206.0,10949.0,57.0,285.5,64.0,188.0,181.0,236.0,205.0,8887.0,10201.0,210.0,2000.0,14000.0,2900.0,249.5,10411.0,202.0,312.0,297.5,2745.0,1910.0,21.0,24200.0
2015-09-28,170.0,11367.0,9585.0,10718.0,57.0,285.5,64.0,178.0,172.0,231.0,198.0,8969.0,10024.0,205.0,2000.0,14000.0,2900.0,249.5,10458.0,194.0,312.0,297.5,2949.0,2018.0,22.0,24000.0
2015-10-05,165.0,11357.0,9553.0,10670.0,55.0,285.5,62.0,175.0,165.0,216.0,188.0,9209.0,10043.0,195.0,2150.0,14000.0,3225.0,249.5,10474.0,187.0,312.0,297.5,2949.0,2018.0,22.0,24000.0
2015-10-12,154.0,11310.0,9574.0,10531.0,55.0,285.5,62.0,167.0,163.0,216.0,183.0,9382.0,9928.0,190.0,2150.0,14000.0,3225.0,249.5,10552.0,178.0,312.0,297.5,2949.0,2018.0,22.0,23800.0
2015-10-19,153.0,11182.0,9554.0,10400.0,55.0,285.5,62.0,159.0,154.0,205.0,183.0,9316.0,9746.0,175.0,2150.0,14000.0,3225.0,249.5,10620.0,170.0,312.0,297.5,2949.0,2018.0,22.0,23800.0
2015-10-26,154.0,11052.0,9582.0,10384.0,52.0,285.5,59.0,158.0,151.0,189.0,173.0,9354.0,9679.0,180.0,2150.0,14000.0,3225.0,249.5,10652.0,173.0,312.0,297.5,3307.0,2178.0,22.0,24200.0
2015-11-02,167.0,10624.0,9485.0,10008.0,50.0,285.5,58.0,164.0,158.0,189.0,173.0,9444.0,9242.0,185.0,2150.0,14000.0,3225.0,249.5,10625.0,186.0,312.0,297.5,3307.0,2178.0,22.0,24500.0
2015-11-09,174.0,10529.0,9195.0,9850.0,48.0,285.5,59.5,178.0,166.0,181.0,173.0,9236.0,8991.0,185.0,2150.0,11000.0,3225.0,249.5,10437.0,195.0,312.0,297.5,3307.0,2178.0,22.0,24500.0
2015-11-16,182.0,10142.0,8938.0,9541.0,48.0,285.5,57.5,180.0,175.0,181.0,173.0,9053.0,8618.0,190.0,2150.0,11000.0,3225.0,249.5,10356.0,200.0,312.0,297.5,3307.0,2178.0,22.0,23950.0
2015-11-23,181.0,9428.0,8844.0,9154.0,46.0,285.5,54.5,179.0,173.0,181.0,173.0,8416.0,8259.0,190.0,2150.0,11000.0,3225.0,249.5,9808.0,196.0,312.0,297.5,3307.0,2178.0,22.0,23750.0
2015-11-30,180.0,9133.0,8878.0,9052.0,44.0,285.5,51.5,179.0,168.0,183.0,173.0,8036.0,8160.0,185.0,2150.0,11000.0,3225.0,249.5,9381.0,191.0,312.0,297.5,3150.0,2112.0,22.0,23100.0
2015-12-07,176.0,9103.0,8660.0,9138.0,41.0,285.5,52.5,178.0,163.0,183.0,173.0,8002.0,8112.0,180.0,1925.0,11000.0,2825.0,249.5,9350.0,190.0,312.0,297.5,3150.0,2112.0,22.0,22800.0
2015-12-14,176.0,9143.0,8330.0,9142.0,39.0,285.5,50.5,178.0,161.0,183.0,173.0,8067.0,8115.0,180.0,1925.0,11000.0,2825.0,249.5,9326.0,187.0,312.0,297.5,3150.0,2112.0,22.0,22000.0
2015-12-21,174.0,9268.0,8016.0,9135.0,39.0,285.5,51.5,175.0,160.0,183.0,173.0,7813.0,8050.0,180.0,1925.0,11000.0,2825.0,249.5,8888.0,187.0,312.0,297.5,3150.0,2112.0,22.0,21700.0
2015-12-28,172.0,9337.0,8134.0,9116.0,40.0,285.5,52.5,168.0,158.0,183.0,173.0,7638.0,8064.0,180.0,1925.0,11000.0,2825.0,249.5,8934.0,186.0,312.0,297.5,2826.0,1884.0,22.0,21300.0
2016-01-04,172.0,9332.0,8077.0,9095.0,42.0,285.5,54.5,168.0,160.0,183.0,173.0,7554.0,8067.0,180.0,1925.0,11000.0,2825.0,249.5,8973.0,189.0,312.0,297.5,2826.0,1884.0,22.0,21300.0
2016-01-11,173.0,9428.0,8058.0,9221.0,42.0,285.5,54.5,174.0,160.0,183.0,173.0,7439.0,7826.0,185.0,1650.0,11000.0,2525.0,249.5,8963.0,188.0,312.0,297.5,2826.0,1884.0,22.0,21300.0
2016-01-18,173.0,9240.0,8387.0,9089.0,40.0,285.5,53.5,175.0,159.0,183.0,173.0,7538.0,8090.0,190.0,1650.0,11000.0,2525.0,249.5,8981.0,186.0,312.0,297.5,2826.0,1884.0,22.0,21200.0
2016-01-25,172.0,9272.0,8361.0,9126.0,42.0,285.5,54.0,174.0,156.0,183.0,174.0,7649.0,8176.0,190.0,1650.0,11000.0,2525.0,249.5,9023.0,181.0,312.0,297.5,2826.0,1884.0,22.0,21000.0
2016-02-01,165.0,9339.0,8860.0,9231.0,42.0,285.5,54.0,168.0,153.0,183.0,177.0,7650.0,8247.0,190.0,1650.0,11000.0,2525.0,249.5,9067.0,177.0,312.0,297.5,2456.0,1751.0,22.0,21000.0
2016-02-08,165.0,9249.0,9094.0,9428.0,44.0,285.5,48.5,167.0,150.0,181.0,177.0,7916.0,8366.0,185.0,1725.0,11700.0,2525.0,249.5,9011.0,176.0,312.0,297.5,2456.0,1751.0,22.0,21000.0
2016-02-15,164.0,9442.0,9094.0,9540.0,44.0,285.5,48.5,168.0,148.0,185.0,176.0,8037.0,8502.0,185.0,1725.0,11700.0,2525.0,249.5,9224.0,175.0,312.0,297.5,2456.0,1751.0,22.0,21200.0
2016-02-22,166.0,9335.0,9177.0,9664.0,47.0,285.5,50.0,170.0,150.0,187.0,177.0,8163.0,8603.0,187.0,1725.0,11700.0,2525.0,249.5,9232.0,175.0,312.0,297.5,2456.0,1751.0,22.0,21800.0
2016-02-29,177.0,9408.0,8899.0,9745.0,50.0,285.5,53.0,182.0,160.0,188.0,177.0,8007.0,8729.0,189.0,1725.0,11700.0,2525.0,249.5,9276.0,188.0,312.0,297.5,2596.0,1828.0,21.0,22450.0
2016-03-07,189.0,9437.0,9266.0,9724.0,51.0,285.5,57.5,190.0,169.0,192.0,182.0,7993.0,8760.0,210.0,1875.0,12300.0,2850.0,249.5,9373.0,195.0,312.0,297.5,2596.0,1828.0,21.0,23300.0
2016-03-14,203.0,9887.0,8946.0,9729.0,60.0,285.5,61.0,206.0,186.0,193.0,200.0,8604.0,9023.0,210.0,1875.0,12300.0,2850.0,249.5,9501.0,208.0,312.0,297.5,2596.0,1828.0,21.0,23800.0
2016-03-21,214.0,9933.0,8800.0,10195.0,55.0,285.5,60.0,215.0,191.0,190.0,210.0,8865.0,9462.0,240.0,1875.0,12300.0,2850.0,249.5,9711.0,220.0,312.0,297.5,2596.0,1828.0,21.0,25500.0
2016-03-28,217.0,9990.0,8900.0,10444.0,57.0,285.5,61.0,217.0,200.0,214.0,228.0,8942.0,9745.0,250.0,1875.0,12300.0,2850.0,249.5,9836.0,227.0,312.0,297.5,2818.0,2001.0,21.0,26700.0
2016-04-04,225.0,9901.0,8700.0,10595.0,54.0,285.5,63.0,229.0,208.0,236.0,238.0,9096.0,9847.0,250.0,1875.0,12300.0,2850.0,249.5,9847.0,232.0,312.0,297.5,2818.0,2001.0,21.0,29900.0
2016-04-11,240.0,10292.0,9006.0,10673.0,54.0,285.5,63.0,244.0,223.0,241.0,243.0,9097.0,9857.0,260.0,2275.0,14200.0,3325.0,249.5,10284.0,258.0,312.0,297.5,2818.0,2001.0,21.0,29950.0
2016-04-18,257.0,10153.0,8701.0,10732.0,59.0,285.5,66.5,261.0,242.0,244.0,248.0,9268.0,9924.0,275.0,2275.0,14200.0,3325.0,249.5,10461.0,268.0,312.0,297.5,2818.0,2001.0,21.0,31500.0
2016-04-25,274.0,10120.0,8760.0,11019.0,65.0,285.5,69.5,277.0,255.0,251.0,268.0,9717.0,10402.0,295.0,2275.0,14200.0,3325.0,249.5,10579.0,293.0,312.0,297.5,2818.0,2001.0,21.0,31900.0
2016-05-02,289.0,10471.0,8734.0,11567.0,64.0,285.5,69.0,289.0,271.0,288.0,275.0,10325.0,10849.0,325.0,2275.0,14200.0,3325.0,249.5,10763.0,309.0,312.0,297.5,3506.0,2304.0,22.0,40300.0
2016-05-09,309.0,11395.0,8788.0,11860.0,60.0,285.5,67.5,315.0,288.0,295.0,305.0,10585.0,11034.0,325.0,2250.0,19500.0,3275.0,249.5,10978.0,327.0,312.0,297.5,3506.0,2304.0,22.0,43500.0
2016-05-16,299.0,12611.0,10887.0,12128.0,55.0,285.5,65.0,306.0,271.0,295.0,285.0,10986.0,11282.0,315.0,2250.0,19500.0,3275.0,249.5,11980.0,299.0,312.0,297.5,3506.0,2304.0,22.0,43350.0
2016-05-23,289.0,12380.0,10862.0,12196.0,55.0,285.5,65.0,302.0,254.0,295.0,270.0,11022.0,11403.0,285.0,2250.0,19500.0,3275.0,249.5,12248.0,296.0,312.0,297.5,3506.0,2304.0,22.0,42950.0
2016-05-30,274.0,12420.0,10793.0,12443.0,51.0,285.5,60.0,288.0,199.0,292.0,250.0,11457.0,11810.0,280.0,2250.0,19500.0,3275.0,249.5,12613.0,275.0,312.0,297.5,3434.0,2284.0,22.0,42000.0
2016-06-06,251.0,12587.0,11245.0,12890.0,51.0,285.5,60.0,254.0,195.0,290.0,230.0,11276.0,11984.0,265.0,2375.0,17750.0,3350.0,249.5,12801.0,255.0,312.0,297.5,3434.0,2284.0,22.0,38300.0
2016-06-13,216.0,12587.0,11222.0,12802.0,52.0,285.5,68.5,217.0,198.0,286.0,225.0,11296.0,11884.0,245.0,2375.0,17750.0,3350.0,249.5,12570.0,232.0,312.0,297.5,3434.0,2284.0,22.0,37500.0
2016-06-20,211.0,12827.0,11117.0,12540.0,51.0,285.5,68.0,215.0,193.0,288.0,233.0,11213.0,11643.0,250.0,2375.0,17750.0,3350.0,249.5,12311.0,228.0,312.0,297.5,3434.0,2284.0,22.0,36800.0
2016-06-27,211.0,12750.0,11051.0,12171.0,51.0,285.5,68.0,222.0,194.0,288.0,233.0,11015.0,11323.0,250.0,2375.0,17750.0,3350.0,249.5,12160.0,221.0,312.0,297.5,3541.0,2373.0,22.0,35400.0
2016-07-04,203.0,12157.0,9292.0,12045.0,54.0,285.5,69.0,207.0,193.0,253.0,233.0,10216.0,10824.0,240.0,2375.0,17750.0,3350.0,249.5,11178.0,217.0,312.0,297.5,3541.0,2373.0,22.0,34400.0
2016-07-11,202.0,11872.0,9427.0,11352.0,56.0,285.5,62.5,203.0,185.0,245.0,226.0,9895.0,10444.0,245.0,2025.0,15900.0,3075.0,249.5,11159.0,212.0,312.0,297.5,3541.0,2373.0,22.0,33400.0
2016-07-18,202.0,11488.0,9273.0,11350.0,58.0,285.5,63.5,204.0,187.0,250.0,226.0,9705.0,10419.0,245.0,2025.0,15900.0,3075.0,249.5,11023.0,218.0,312.0,297.5,3541.0,2373.0,22.0,32500.0
2016-07-25,210.0,11392.0,9242.0,11269.0,56.0,285.5,62.5,208.0,200.0,250.0,226.0,9524.0,10193.0,250.0,2025.0,15900.0,3075.0,249.5,11030.0,225.0,312.0,297.5,3541.0,2373.0,22.0,32000.0
2016-08-01,213.0,11309.0,9162.0,11248.0,59.0,285.5,63.5,217.0,201.0,248.0,226.0,9532.0,10197.0,250.0,2025.0,15900.0,3075.0,249.5,10479.0,229.0,312.0,297.5,2930.0,1987.0,23.0,31000.0
2016-08-08,212.0,11239.0,9446.0,11230.0,60.0,285.5,69.0,217.0,201.0,250.0,228.0,9593.0,10411.0,245.0,2050.0,14750.0,3225.0,249.5,10607.0,229.0,312.0,297.5,2930.0,1987.0,23.0,30200.0
2016-08-15,213.0,11354.0,9424.0,11421.0,61.0,285.5,69.5,217.0,197.0,245.0,228.0,9971.0,10515.0,250.0,2050.0,14750.0,3225.0,249.5,10802.0,228.0,312.0,297.5,2930.0,1987.0,23.0,29200.0
2016-08-22,208.0,11519.0,9446.0,11509.0,61.0,285.5,69.5,217.0,200.0,245.0,225.0,10190.0,10607.0,255.0,2050.0,14750.0,3225.0,249.5,10858.0,224.0,312.0,297.5,2930.0,1987.0,23.0,28850.0
2016-08-29,216.0,11484.0,10509.0,11664.0,61.0,285.5,69.5,217.0,195.0,250.0,225.0,10287.0,10750.0,255.0,2050.0,14750.0,3225.0,249.5,11265.0,225.0,312.0,297.5,3232.0,2123.0,23.0,28700.0
2016-09-05,210.0,11336.0,10694.0,11876.0,59.0,285.5,70.0,217.0,196.0,250.0,226.0,10344.0,11036.0,255.0,2350.0,14750.0,3525.0,249.5,11689.0,225.0,312.0,297.5,3232.0,2123.0,23.0,28500.0
2016-09-12,209.0,11512.0,10918.0,12191.0,59.0,285.5,70.0,217.0,191.0,250.0,225.0,10542.0,11352.0,255.0,2350.0,14750.0,3525.0,249.5,12011.0,223.0,312.0,297.5,3232.0,2123.0,23.0,30000.0
2016-09-19,208.0,11489.0,11193.0,12420.0,56.0,285.5,68.0,212.0,188.0,248.0,236.0,10720.0,11495.0,245.0,2350.0,14750.0,3525.0,249.5,12257.0,218.0,312.0,297.5,3232.0,2123.0,23.0,32000.0
2016-09-26,204.0,11403.0,11153.0,12568.0,56.0,285.5,68.0,209.0,188.0,248.0,230.0,10937.0,11623.0,250.0,2350.0,14750.0,3525.0,249.5,12321.0,210.0,312.0,297.5,3567.0,2298.0,22.0,32500.0
2016-10-03,196.0,11612.0,11111.0,12591.0,56.0,285.5,69.0,196.0,181.0,248.0,223.0,11062.0,11721.0,243.0,2350.0,14750.0,3525.0,249.5,12279.0,210.0,312.0,297.5,3567.0,2298.0,22.0,33300.0
2016-10-10,201.0,12954.0,11304.0,13005.0,55.0,285.5,70.0,203.0,186.0,243.0,223.0,11807.0,12201.0,235.0,2375.0,13400.0,3435.0,249.5,13247.0,215.0,312.0,297.5,3567.0,2298.0,22.0,34300.0
2016-10-17,206.0,12869.0,11273.0,13017.0,57.0,285.5,71.5,208.0,194.0,243.0,223.0,11839.0,12182.0,240.0,2375.0,13400.0,3435.0,249.5,13132.0,220.0,312.0,297.5,3567.0,2298.0,22.0,33700.0
2016-10-24,213.0,12672.0,11552.0,12976.0,59.0,285.5,73.5,217.0,208.0,235.0,228.0,11878.0,12203.0,250.0,2375.0,13400.0,3435.0,249.5,13125.0,228.0,312.0,297.5,3567.0,2298.0,22.0,32200.0
2016-10-31,221.0,12716.0,11786.0,12682.0,62.0,285.5,74.5,221.0,206.0,235.0,228.0,11589.0,11917.0,270.0,2375.0,13400.0,3435.0,249.5,12621.0,235.0,312.0,297.5,3509.0,2330.0,22.0,30400.0
2016-11-07,237.0,12660.0,11792.0,12548.0,65.0,285.5,76.5,240.0,213.0,249.0,233.0,11729.0,11819.0,290.0,2425.0,13900.0,3300.0,249.5,12713.0,253.0,312.0,297.5,3509.0,2330.0,22.0,30200.0
2016-11-14,252.0,12564.0,11584.0,12483.0,72.0,285.5,77.5,255.0,236.0,249.0,260.0,11742.0,11800.0,315.0,2425.0,13900.0,3300.0,249.5,12866.0,269.0,312.0,297.5,3509.0,2330.0,22.0,29800.0
2016-11-21,255.0,12917.0,11719.0,12729.0,74.0,285.5,78.5,262.0,240.0,278.0,273.0,11858.0,12108.0,325.0,2425.0,13900.0,3300.0,249.5,12932.0,272.0,312.0,297.5,3509.0,2330.0,22.0,33500.0
2016-11-28,250.0,13434.0,11561.0,13377.0,76.0,285.5,79.5,261.0,236.0,278.0,273.0,12196.0,12556.0,320.0,2425.0,13900.0,3300.0,249.5,13254.0,270.0,312.0,297.5,3303.0,2129.0,22.0,33500.0
2016-12-05,248.0,13500.0,11894.0,13950.0,77.0,285.5,83.0,259.0,233.0,275.0,271.0,12873.0,13021.0,315.0,3175.0,16800.0,4600.0,249.5,13702.0,268.0,312.0,297.5,3303.0,2129.0,22.0,33500.0
2016-12-12,245.0,14417.0,12144.0,14492.0,81.0,285.5,87.0,259.0,230.0,275.0,270.0,13335.0,13600.0,310.0,3175.0,16800.0,4600.0,249.5,14300.0,267.0,312.0,297.5,3303.0,2129.0,22.0,33500.0
2016-12-19,251.0,15094.0,13327.0,15385.0,82.0,285.5,88.0,270.0,255.0,300.0,285.0,14171.0,14403.0,315.0,3175.0,16800.0,4600.0,249.5,14942.0,279.0,312.0,297.5,3303.0,2129.0,22.0,33000.0
2016-12-26,259.0,15561.0,13377.0,15869.0,80.0,285.5,86.0,283.0,263.0,300.0,285.0,14354.0,14969.0,310.0,3175.0,16800.0,4600.0,249.5,15269.0,292.0,312.0,297.5,3848.0,2696.0,22.0,32500.0
2017-01-02,259.0,16085.0,13393.0,15878.0,80.0,285.5,86.0,283.0,263.0,300.0,285.0,14467.0,15046.0,310.0,3175.0,16800.0,4600.0,249.5,15323.0,292.0,312.0,297.5,3848.0,2696.0,22.0,33750.0
2017-01-09,259.0,15579.0,13553.0,15705.0,78.0,285.5,104.0,283.0,263.0,300.0,285.0,14420.0,15038.0,310.0,3975.0,20850.0,5200.0,249.5,15322.0,292.0,312.0,297.5,3848.0,2696.0,22.0,33750.0
2017-01-16,256.0,16093.0,13449.0,15861.0,80.0,285.5,104.0,280.0,260.0,300.0,281.0,14583.0,15072.0,310.0,3975.0,20850.0,5200.0,249.5,15312.0,288.0,312.0,297.5,3848.0,2696.0,22.0,33750.0
2017-01-23,249.0,15659.0,13468.0,15838.0,82.0,285.5,104.5,275.0,253.0,300.0,277.0,14478.0,14887.0,315.0,3975.0,20850.0,5200.0,249.5,15315.0,280.0,312.0,297.5,3848.0,2696.0,22.0,33750.0
2017-01-30,219.0,15439.0,13396.0,15868.0,82.0,285.5,104.5,246.0,223.0,280.0,265.0,14480.0,14812.0,300.0,3975.0,20850.0,5200.0,249.5,15328.0,250.0,312.0,297.5,4886.0,3813.0,29.0,33000.0
2017-02-06,206.0,15233.0,13426.0,15642.0,83.0,285.5,104.5,235.0,209.0,280.0,265.0,14685.0,14607.0,290.0,3775.0,20850.0,5025.0,249.5,15303.0,235.0,312.0,297.5,4886.0,3813.0,29.0,32600.0
2017-02-13,222.0,14945.0,13381.0,15229.0,83.0,285.5,104.5,246.0,222.0,313.0,265.0,14280.0,14201.0,310.0,3775.0,20850.0,5025.0,249.5,15412.0,251.0,312.0,297.5,4886.0,3813.0,29.0,32000.0
2017-02-20,246.0,14799.0,13348.0,14854.0,91.0,312.5,111.5,270.0,245.0,313.0,280.0,14234.0,13780.0,328.0,3775.0,20850.0,5025.0,249.5,15315.0,275.0,325.0,315.0,4886.0,3813.0,29.0,31300.0
2017-02-27,254.0,14729.0,13155.0,14506.0,93.0,322.5,114.0,277.0,252.0,320.0,280.0,13702.0,13357.0,340.0,3775.0,20850.0,5025.0,249.5,14552.0,282.0,345.0,343.0,4827.0,3794.0,32.0,30300.0
2017-03-06,259.0,14708.0,13098.0,14184.0,92.0,352.5,117.5,280.0,255.0,335.0,285.0,12842.0,13070.0,360.0,3925.0,20850.0,5175.0,249.5,13624.0,285.0,370.0,362.5,4827.0,3794.0,32.0,30500.0
2017-03-13,269.0,14310.0,12284.0,13438.0,87.0,372.5,115.5,287.0,271.0,355.0,290.0,12538.0,12744.0,365.0,3925.0,20850.0,5175.0,249.5,13321.0,299.0,370.0,362.5,4827.0,3794.0,32.0,30700.0
2017-03-20,268.0,14112.0,12269.0,13515.0,91.0,387.5,117.5,285.0,270.0,390.0,287.0,12330.0,12395.0,385.0,3925.0,20850.0,5175.0,249.5,13198.0,298.0,386.5,398.5,4827.0,3794.0,32.0,30600.0
2017-03-27,250.0,13877.0,11824.0,13479.0,86.0,387.5,115.5,265.0,257.0,390.0,280.0,12385.0,12440.0,395.0,3925.0,20850.0,5175.0,249.5,13263.0,276.0,386.5,387.5,5189.0,3889.0,36.0,30400.0
2017-04-03,241.0,13792.0,11814.0,13477.0,81.0,377.5,112.5,255.0,249.0,380.0,280.0,12348.0,12408.0,390.0,3925.0,20850.0,5175.0,249.5,13316.0,267.0,390.0,367.5,5189.0,3889.0,36.0,29800.0
2017-04-10,247.0,13543.0,11738.0,13400.0,79.0,372.5,111.5,260.0,255.0,370.0,280.0,12384.0,12281.0,390.0,4175.0,21250.0,5825.0,249.5,13269.0,275.0,380.0,362.5,5189.0,3889.0,36.0,29500.0
2017-04-17,246.0,13631.0,11707.0,13392.0,71.0,372.5,104.5,258.0,254.0,370.0,275.0,12310.0,12245.0,387.0,4175.0,21250.0,5825.0,249.5,13199.0,274.0,392.0,362.5,5189.0,3889.0,36.0,28200.0
2017-04-24,238.0,13731.0,11652.0,13268.0,65.0,372.5,102.5,249.0,243.0,365.0,275.0,12225.0,12192.0,385.0,4175.0,21250.0,5825.0,249.5,13215.0,265.0,382.5,362.5,5189.0,3889.0,36.0,27500.0
2017-05-01,238.0,13742.0,11580.0,13298.0,68.0,367.5,103.5,246.0,239.0,365.0,270.0,12235.0,12230.0,375.0,4175.0,21250.0,5825.0,249.5,13174.0,263.0,387.5,342.5,5528.0,4304.0,38.0,26500.0
2017-05-08,252.0,13627.0,11576.0,13275.0,66.0,368.5,87.5,257.0,250.0,365.0,275.0,12270.0,12189.0,370.0,3525.0,18500.0,4950.0,249.5,13211.0,274.0,377.5,342.5,5528.0,4304.0,38.0,26300.0
2017-05-15,251.0,13442.0,11599.0,13168.0,60.0,365.0,82.0,255.0,249.0,365.0,275.0,12273.0,12170.0,370.0,3525.0,18500.0,4950.0,249.5,13209.0,273.0,377.5,342.5,5528.0,4304.0,38.0,26300.0
2017-05-22,250.0,13558.0,11566.0,13095.0,62.0,360.0,83.0,255.0,248.0,365.0,275.0,12302.0,12107.0,365.0,3525.0,18500.0,4950.0,249.5,13157.0,273.0,375.0,342.5,5528.0,4304.0,38.0,26200.0
2017-05-29,246.0,13576.0,11547.0,13080.0,60.0,352.5,82.0,253.0,247.0,365.0,270.0,12298.0,12017.0,360.0,3525.0,18500.0,4950.0,249.5,13136.0,271.0,367.5,347.5,4702.0,3753.0,39.0,26150.0
2017-06-05,246.0,13563.0,11542.0,12995.0,57.0,355.0,76.5,253.0,247.0,365.0,265.0,12152.0,11896.0,360.0,2797.5,18250.0,4110.0,249.5,12885.0,271.0,347.5,342.5,4702.0,3753.0,39.0,26150.0
2017-06-12,247.0,13437.0,11564.0,12815.0,56.0,345.0,75.5,253.0,248.0,350.0,265.0,12029.0,11708.0,355.0,2797.5,18250.0,4110.0,248.5,12828.0,272.0,347.5,342.5,4702.0,3753.0,39.0,26150.0
2017-06-19,249.0,13389.0,11545.0,12826.0,54.0,345.0,75.5,254.0,250.0,350.0,265.0,11762.0,11668.0,350.0,2797.5,18250.0,4110.0,250.0,12575.0,274.0,345.0,332.5,4702.0,3753.0,39.0,26350.0
2017-06-26,253.0,12917.0,11552.0,12821.0,56.0,344.5,77.0,256.0,254.0,345.0,265.0,11580.0,11677.0,345.0,2797.5,18250.0,4110.0,252.5,12376.0,280.0,345.0,332.5,3881.0,3014.0,39.0,26550.0
2017-07-03,262.0,12932.0,11545.0,12814.0,61.0,345.5,85.0,267.0,263.0,340.0,275.0,11609.0,11715.0,340.0,2797.5,18250.0,4110.0,252.5,12369.0,288.0,345.0,332.5,3881.0,3014.0,39.0,26650.0
2017-07-10,270.0,12925.0,11119.0,12808.0,63.0,355.5,89.5,271.0,270.0,345.0,280.0,11568.0,11695.0,350.0,2440.0,18250.0,3450.0,269.0,12478.0,295.0,352.5,342.5,3881.0,3014.0,39.0,28000.0
2017-07-17,271.0,13107.0,11124.0,12803.0,65.0,357.5,91.5,273.0,273.0,345.0,290.0,11583.0,11663.0,350.0,2440.0,18250.0,3450.0,269.0,12606.0,297.0,352.5,342.5,3881.0,3014.0,39.0,28800.0
2017-07-24,273.0,13301.0,11608.0,12766.0,68.0,362.5,92.5,275.0,278.0,350.0,290.0,11938.0,11862.0,350.0,2440.0,18250.0,3450.0,275.0,12999.0,302.0,360.0,350.0,3881.0,3014.0,39.0,29400.0
2017-07-31,292.0,13492.0,11696.0,13137.0,69.0,367.5,92.5,295.0,290.0,355.0,303.0,12038.0,12253.0,360.0,2440.0,18250.0,3450.0,287.5,13145.0,320.0,362.5,360.0,3336.0,2577.0,32.0,29400.0
2017-08-07,305.0,13519.0,11891.0,13841.0,73.0,366.0,95.0,310.0,303.0,355.0,308.0,12200.0,12697.0,355.0,2860.0,18850.0,3925.0,297.5,13401.0,328.0,362.5,362.5,3336.0,2577.0,32.0,30900.0
2017-08-14,325.0,13960.0,12226.0,14104.0,76.0,375.0,96.0,327.0,320.0,355.0,330.0,12366.0,13033.0,360.0,2860.0,18850.0,3925.0,302.5,13482.0,345.0,367.5,365.0,3336.0,2577.0,32.0,33900.0
2017-08-21,330.0,15507.0,12256.0,14648.0,74.0,375.0,95.0,336.0,329.0,360.0,340.0,13013.0,13535.0,365.0,2860.0,18850.0,3925.0,317.5,13638.0,355.0,375.0,365.0,3336.0,2577.0,32.0,35900.0
2017-08-28,333.0,16541.0,12924.0,15876.0,78.0,385.0,97.0,339.0,332.0,363.0,340.0,14149.0,14841.0,375.0,2860.0,18850.0,3925.0,342.5,14904.0,358.0,382.5,370.0,3775.0,2771.0,32.0,36800.0
2017-09-04,330.0,16341.0,13529.0,16179.0,77.0,390.0,96.5,336.0,330.0,375.0,353.0,14285.0,15142.0,380.0,2860.0,18850.0,3925.0,342.5,15177.0,356.0,387.5,370.0,3775.0,2771.0,32.0,38600.0
2017-09-11,331.0,16411.0,13732.0,16271.0,77.0,390.0,94.0,339.0,327.0,375.0,352.0,14533.0,15267.0,380.0,3305.0,19350.0,4540.0,342.5,15466.0,356.0,387.5,370.0,3775.0,2771.0,32.0,39600.0
2017-09-18,326.0,17060.0,14888.0,16676.0,74.0,386.5,92.5,336.0,315.0,375.0,352.0,15355.0,15732.0,380.0,3305.0,19350.0,4540.0,337.5,16078.0,352.0,387.5,370.0,3775.0,2771.0,32.0,38800.0
2017-09-25,305.0,17450.0,15634.0,17238.0,67.0,375.0,90.5,321.0,305.0,370.0,352.0,15692.0,16167.0,375.0,3305.0,19350.0,4540.0,327.5,16597.0,330.0,382.5,365.0,3775.0,2771.0,32.0,38800.0
2017-10-02,280.0,17386.0,15517.0,17228.0,63.0,357.5,89.0,290.0,265.0,333.0,345.0,15692.0,16221.0,345.0,3305.0,19350.0,4540.0,295.0,16696.0,305.0,365.0,345.0,4367.0,3291.0,32.0,37500.0
2017-10-09,275.0,17575.0,15386.0,17167.0,62.0,350.0,102.5,285.0,260.0,333.0,325.0,15697.0,16257.0,345.0,3370.0,20650.0,4630.0,292.5,16546.0,300.0,355.0,345.0,4367.0,3291.0,32.0,37000.0
2017-10-16,280.0,17256.0,15201.0,16933.0,60.0,351.5,97.5,290.0,265.0,327.0,325.0,16029.0,16006.0,340.0,3370.0,20650.0,4630.0,277.5,16804.0,307.0,340.0,342.5,4367.0,3291.0,32.0,35800.0
2017-10-23,285.0,17141.0,15301.0,16898.0,61.0,352.5,100.0,286.0,261.0,327.0,323.0,15815.0,15961.0,340.0,3370.0,20650.0,4630.0,277.5,16719.0,303.0,350.0,342.5,4367.0,3291.0,32.0,33800.0
2017-10-30,273.0,16555.0,14522.0,16484.0,61.0,355.0,100.0,286.0,261.0,336.0,323.0,15028.0,15416.0,340.0,3370.0,20650.0,4630.0,277.5,16126.0,302.0,351.5,342.5,4532.0,3374.0,34.0,31500.0
2017-11-06,279.0,16255.0,14274.0,16141.0,60.0,355.0,105.0,290.0,265.0,336.0,323.0,14445.0,14958.0,340.0,2750.0,20000.0,3800.0,277.5,15713.0,309.0,351.5,342.5,4532.0,3374.0,34.0,30000.0
2017-11-13,275.0,16093.0,14146.0,15769.0,63.0,352.5,106.5,283.0,260.0,336.0,330.0,14316.0,14552.0,337.0,2750.0,20000.0,3800.0,282.5,15601.0,304.0,347.5,342.5,4532.0,3374.0,34.0,32500.0
2017-11-20,277.0,15222.0,14170.0,15327.0,62.0,352.5,106.5,293.0,266.0,330.0,330.0,13691.0,14246.0,340.0,2750.0,20000.0,3800.0,282.5,15328.0,310.0,347.5,342.5,4532.0,3374.0,34.0,32500.0
2017-11-27,285.0,15389.0,14017.0,14970.0,65.0,352.5,107.5,296.0,272.0,325.0,340.0,13724.0,13932.0,335.0,2750.0,20000.0,3800.0,295.0,15192.0,315.0,343.5,342.5,3741.0,2749.0,34.0,32000.0
2017-12-04,301.0,15415.0,14013.0,14882.0,68.0,355.5,109.0,300.0,270.0,330.0,345.0,13599.0,13758.0,335.0,2750.0,20000.0,3800.0,302.5,15040.0,329.0,347.5,347.5,3741.0,2749.0,34.0,31500.0
2017-12-11,320.0,15320.0,13972.0,14759.0,70.0,366.0,110.0,315.0,285.0,350.0,355.0,13580.0,13604.0,355.0,2740.0,20000.0,3780.0,305.0,15028.0,345.0,367.5,375.0,3741.0,2749.0,34.0,31700.0
2017-12-18,320.0,15321.0,13918.0,14768.0,70.0,363.5,110.0,317.0,295.0,350.0,355.0,13632.0,13605.0,355.0,2740.0,20000.0,3780.0,305.0,15024.0,352.0,372.5,375.0,3741.0,2749.0,34.0,31800.0
2017-12-25,333.0,15297.0,14052.0,14722.0,74.0,375.0,112.0,335.0,315.0,355.0,380.0,13502.0,13567.0,360.0,2740.0,20000.0,3780.0,337.5,14803.0,360.0,377.5,385.0,3741.0,2749.0,34.0,34600.0
2018-01-01,335.0,15154.0,14322.0,14666.0,73.0,380.0,112.0,340.0,320.0,360.0,385.0,13606.0,13550.0,365.0,2740.0,20000.0,3780.0,337.5,14844.0,365.0,380.0,385.0,3742.0,2740.0,36.0,35600.0
2018-01-08,340.0,14898.0,14088.0,14478.0,76.0,382.5,113.0,345.0,320.0,360.0,390.0,13583.0,13424.0,365.0,3350.0,20300.0,4250.0,337.5,14727.0,370.0,380.0,387.5,3742.0,2740.0,36.0,35600.0
2018-01-15,340.0,14887.0,14081.0,14604.0,79.0,387.5,114.5,345.0,325.0,380.0,380.0,13598.0,13461.0,380.0,3350.0,20300.0,4875.0,340.0,14888.0,372.0,397.5,387.5,3742.0,2740.0,36.0,35600.0
2018-01-22,330.0,14846.0,14367.0,14700.0,76.0,382.5,111.5,338.0,317.0,380.0,380.0,13641.0,13544.0,380.0,3350.0,20300.0,4875.0,325.0,14965.0,360.0,400.0,382.5,3742.0,2740.0,36.0,35300.0
2018-01-29,325.0,15065.0,14359.0,14810.0,75.0,376.0,110.5,330.0,312.0,370.0,360.0,13594.0,13498.0,365.0,3350.0,20300.0,4875.0,315.0,14927.0,353.0,397.5,372.5,4239.0,3100.0,33.0,34500.0
2018-02-05,317.0,14993.0,14347.0,15065.0,72.0,372.5,110.5,318.0,300.0,370.0,360.0,13917.0,13826.0,370.0,3575.0,20550.0,5075.0,315.0,15211.0,348.0,392.5,367.5,4239.0,3100.0,33.0,33700.0
2018-02-12,317.0,14826.0,14166.0,15431.0,76.0,367.5,112.5,320.0,300.0,370.0,350.0,13967.0,14201.0,365.0,3575.0,20550.0,5075.0,315.0,15139.0,348.0,390.0,352.5,4239.0,3100.0,33.0,34000.0
2018-02-19,322.0,14967.0,14583.0,15618.0,78.0,363.5,113.5,325.0,303.0,360.0,350.0,14272.0,14413.0,360.0,3575.0,20550.0,5075.0,312.5,15390.0,353.0,382.5,357.5,4239.0,3100.0,33.0,33900.0
2018-02-26,320.0,15240.0,14657.0,15976.0,78.0,369.0,113.5,335.0,305.0,373.0,375.0,14739.0,14665.0,365.0,3575.0,20550.0,5075.0,322.5,15580.0,358.0,381.0,360.0,4666.0,3414.0,37.0,32700.0
2018-03-05,326.0,15496.0,14965.0,16356.0,79.0,382.5,113.5,337.0,315.0,375.0,385.0,15040.0,15231.0,370.0,3675.0,20550.0,5045.0,327.5,15836.0,364.0,387.5,372.5,4666.0,3414.0,37.0,32900.0
2018-03-12,335.0,15536.0,15567.0,16731.0,73.0,387.5,111.0,350.0,325.0,380.0,400.0,15040.0,15612.0,380.0,3675.0,20550.0,5045.0,327.5,16001.0,375.0,395.0,385.0,4666.0,3414.0,37.0,33300.0
2018-03-19,335.0,16989.0,15440.0,17007.0,70.0,407.5,108.5,350.0,325.0,390.0,405.0,15271.0,15775.0,395.0,3675.0,20550.0,5045.0,335.0,16421.0,374.0,402.5,390.0,4666.0,3414.0,37.0,33600.0
2018-03-26,333.0,17904.0,15583.0,17211.0,67.0,407.5,105.5,350.0,323.0,395.0,405.0,15404.0,16100.0,395.0,3675.0,20550.0,5045.0,340.0,16692.0,370.0,411.0,390.0,4566.0,3464.0,38.0,34800.0
2018-04-02,333.0,18226.0,15729.0,17710.0,64.0,400.0,102.0,350.0,322.0,395.0,395.0,16012.0,16612.0,397.0,3675.0,20550.0,5045.0,337.5,16921.0,366.0,415.0,385.0,4566.0,3464.0,38.0,36100.0
2018-04-09,330.0,18965.0,15925.0,17974.0,64.0,400.0,102.0,345.0,317.0,395.0,375.0,16221.0,17000.0,397.0,3685.0,20750.0,5040.0,337.5,17321.0,356.0,415.0,385.0,4566.0,3464.0,38.0,36100.0
2018-04-16,329.0,18828.0,15954.0,17992.0,65.0,394.0,102.0,343.0,314.0,395.0,375.0,16346.0,16988.0,397.0,3685.0,20750.0,5040.0,337.5,17409.0,354.0,415.0,385.0,4566.0,3464.0,38.0,35900.0
2018-04-23,320.0,18827.0,16016.0,17939.0,66.0,389.0,104.0,330.0,303.0,390.0,375.0,16544.0,17036.0,395.0,3685.0,20750.0,5040.0,332.5,17567.0,345.0,410.0,382.5,4566.0,3464.0,38.0,35900.0
2018-04-30,325.0,18772.0,16159.0,17862.0,67.0,386.0,105.0,335.0,308.0,385.0,360.0,16374.0,16988.0,390.0,3685.0,20750.0,5040.0,332.5,17628.0,350.0,405.0,372.5,4830.0,3511.0,41.0,36400.0
2018-05-07,325.0,18781.0,16135.0,17790.0,66.0,385.0,104.0,327.0,314.0,385.0,360.0,16330.0,16856.0,385.0,3350.0,21250.0,4525.0,340.0,17642.0,354.0,402.5,372.5,4830.0,3511.0,41.0,37900.0
2018-05-14,325.0,18581.0,16218.0,17681.0,67.0,387.5,105.0,327.0,314.0,390.0,365.0,16412.0,16787.0,385.0,3350.0,21250.0,4525.0,340.0,17623.0,358.0,407.5,382.5,4830.0,3511.0,41.0,37700.0
2018-05-21,318.0,18147.0,16191.0,17703.0,67.0,390.0,105.0,327.0,310.0,395.0,365.0,16395.0,16674.0,390.0,3350.0,21250.0,4525.0,342.5,17570.0,349.0,410.0,382.5,4830.0,3511.0,41.0,37900.0
2018-05-28,312.0,17797.0,16155.0,17678.0,64.0,397.5,102.0,327.0,303.0,398.0,365.0,16394.0,16597.0,390.0,3350.0,21250.0,4525.0,342.5,17518.0,341.0,410.0,382.5,4238.0,3241.0,37.0,37900.0
2018-06-04,305.0,17669.0,16170.0,17702.0,64.0,382.5,102.0,320.0,295.0,398.0,360.0,16468.0,16544.0,390.0,3350.0,21250.0,4525.0,340.0,17571.0,333.0,410.0,372.5,4238.0,3241.0,37.0,37600.0
2018-06-11,312.0,17475.0,16432.0,17499.0,65.0,387.5,107.5,320.0,308.0,398.0,355.0,16515.0,16362.0,390.0,3525.0,21250.0,4850.0,342.5,17543.0,340.0,410.0,380.0,4238.0,3241.0,37.0,37400.0
2018-06-18,320.0,17846.0,16604.0,17479.0,66.0,397.5,108.5,325.0,320.0,395.0,357.0,16337.0,16346.0,390.0,3525.0,21250.0,4850.0,342.5,17369.0,348.0,410.0,387.5,4238.0,3241.0,37.0,37400.0
2018-06-25,326.0,17994.0,16492.0,17279.0,64.0,400.0,106.5,333.0,325.0,397.0,357.0,16180.0,16108.0,393.0,3525.0,21250.0,4850.0,342.5,17325.0,354.0,411.0,387.5,4238.0,3241.0,37.0,37100.0
2018-07-02,326.0,17826.0,16331.0,17161.0,64.0,400.0,109.5,333.0,324.0,397.0,357.0,15945.0,15923.0,393.0,3525.0,21250.0,4850.0,342.5,17195.0,354.0,412.5,387.5,4492.0,3463.0,37.0,37100.0
2018-07-09,323.0,18064.0,16070.0,17153.0,63.0,407.5,110.5,333.0,321.0,400.0,357.0,15922.0,15963.0,400.0,3275.0,23000.0,5000.0,342.5,17273.0,350.0,412.5,385.0,4492.0,3463.0,37.0,37200.0
2018-07-16,314.0,18071.0,16424.0,17428.0,63.0,412.5,110.5,323.0,311.0,395.0,357.0,16101.0,16200.0,400.0,3275.0,23000.0,5000.0,330.0,17405.0,341.0,410.0,385.0,4492.0,3463.0,37.0,37800.0
2018-07-23,312.0,18134.0,16531.0,17657.0,64.0,412.5,114.0,323.0,305.0,390.0,355.0,16133.0,16413.0,395.0,3275.0,23000.0,5000.0,330.0,17443.0,339.0,410.0,385.0,4492.0,3463.0,37.0,37500.0
2018-07-30,309.0,18380.0,16630.0,17752.0,67.0,410.0,117.0,320.0,298.0,390.0,355.0,16194.0,16515.0,395.0,3275.0,23000.0,5000.0,330.0,17473.0,335.0,410.0,385.0,4828.0,3588.0,40.0,37500.0
2018-08-06,305.0,18412.0,16711.0,17956.0,67.0,407.5,117.0,317.0,303.0,385.0,350.0,16283.0,16721.0,395.0,3585.0,23000.0,4987.5,327.5,17546.0,330.0,405.0,395.0,4828.0,3588.0,40.0,39400.0
2018-08-13,299.0,18665.0,16881.0,18143.0,69.0,402.5,119.0,305.0,288.0,385.0,350.0,16515.0,16914.0,390.0,3585.0,23000.0,4987.5,322.5,17588.0,323.0,402.5,380.0,4828.0,3588.0,40.0,39650.0
2018-08-20,287.0,18747.0,16935.0,18228.0,68.0,395.0,118.0,287.0,263.0,375.0,350.0,16773.0,16967.0,380.0,3585.0,23000.0,4987.5,317.5,17649.0,310.0,400.0,370.0,4828.0,3588.0,40.0,40750.0
2018-08-27,274.0,18675.0,16914.0,18522.0,67.0,390.0,118.0,279.0,279.0,375.0,350.0,16810.0,17247.0,377.0,3585.0,23000.0,4987.5,317.5,17663.0,297.0,397.5,370.0,5202.0,3667.0,43.0,43100.0
2018-09-03,285.0,18833.0,17490.0,18821.0,66.0,390.0,122.5,285.0,284.0,375.0,343.0,17329.0,17608.0,377.0,3585.0,23000.0,4987.5,320.0,18397.0,310.0,397.5,370.0,5202.0,3667.0,43.0,48700.0
2018-09-10,295.0,19051.0,17636.0,19185.0,67.0,387.5,125.0,295.0,284.0,370.0,343.0,17601.0,17924.0,375.0,3850.0,23000.0,6075.0,320.0,18508.0,317.0,392.5,372.5,5202.0,3667.0,43.0,48850.0
2018-09-17,295.0,19289.0,17737.0,19615.0,69.0,386.5,126.0,297.0,292.0,370.0,343.0,17962.0,18322.0,373.0,3850.0,23000.0,6075.0,320.0,18833.0,319.0,387.5,372.5,5202.0,3667.0,43.0,48350.0
2018-09-24,300.0,19542.0,17768.0,19773.0,69.0,386.5,126.0,297.0,292.0,370.0,343.0,18212.0,18517.0,373.0,3850.0,23000.0,6075.0,322.5,18994.0,324.0,385.0,375.0,5202.0,3667.0,43.0,44600.0
2018-10-01,296.0,19529.0,17783.0,19870.0,69.0,382.5,126.0,296.0,292.0,365.0,355.0,18222.0,18596.0,370.0,3850.0,23000.0,6075.0,322.5,19016.0,321.0,387.5,375.0,5866.0,3955.0,40.0,42600.0
2018-10-08,300.0,19477.0,17906.0,19853.0,70.0,380.0,121.0,299.0,292.0,360.0,360.0,18304.0,18596.0,366.0,4150.0,23750.0,6475.0,322.5,18987.0,325.0,386.5,375.0,5866.0,3955.0,40.0,41500.0
2018-10-15,303.0,19496.0,17983.0,19794.0,71.0,381.0,119.0,303.0,293.0,360.0,360.0,18271.0,18594.0,365.0,4150.0,23750.0,6475.0,322.5,19007.0,328.0,386.5,381.5,5866.0,3955.0,40.0,40800.0
2018-10-22,301.0,19509.0,17900.0,19731.0,73.0,395.0,116.0,304.0,295.0,360.0,360.0,18245.0,18465.0,365.0,4150.0,23750.0,6475.0,327.5,19020.0,328.0,387.5,381.5,5866.0,3955.0,40.0,39700.0
2018-10-29,303.0,19607.0,17965.0,19677.0,76.0,391.5,106.0,305.0,297.0,355.0,357.0,18048.0,18401.0,364.0,4150.0,23750.0,6475.0,335.0,18894.0,331.0,387.5,377.5,6284.0,4234.0,46.0,39500.0
2018-11-05,306.0,19495.0,17937.0,19243.0,75.0,390.0,106.0,315.0,297.0,350.0,357.0,18062.0,17969.0,364.0,4280.0,22750.0,6400.0,339.0,19000.0,337.0,386.5,385.0,6284.0,4234.0,46.0,38800.0
2018-11-12,310.0,19135.0,17792.0,18834.0,75.0,390.0,106.0,315.0,305.0,350.0,357.0,17624.0,17748.0,364.0,4280.0,22750.0,6400.0,335.0,18718.0,338.0,386.5,382.5,6284.0,4234.0,46.0,38300.0
2018-11-19,308.0,18630.0,17406.0,18308.0,75.0,387.5,100.0,313.0,306.0,350.0,352.0,17113.0,17158.0,364.0,4280.0,22750.0,6400.0,335.0,18294.0,336.0,386.5,380.0,6284.0,4234.0,46.0,38000.0
2018-11-26,304.0,18130.0,17247.0,17830.0,73.0,386.5,96.0,310.0,292.0,350.0,347.0,16588.0,16667.0,364.0,4280.0,22750.0,6400.0,327.5,17864.0,329.0,385.0,375.0,6279.0,4298.0,48.0,37600.0
2018-12-03,295.0,17631.0,16766.0,17333.0,65.0,382.5,87.0,307.0,286.0,350.0,336.0,16123.0,16142.0,364.0,4280.0,22750.0,6400.0,322.5,17434.0,318.0,385.0,370.0,6279.0,4298.0,48.0,37600.0
2018-12-10,278.0,17068.0,16774.0,16881.0,67.0,379.0,87.0,289.0,276.0,350.0,332.0,15754.0,15632.0,360.0,4550.0,22750.0,6750.0,317.5,17120.0,309.0,381.0,362.5,6279.0,4298.0,48.0,37300.0
2018-12-17,278.0,17345.0,17160.0,16698.0,68.0,376.5,87.0,280.0,275.0,345.0,322.0,15150.0,15444.0,355.0,4550.0,22750.0,6750.0,302.5,16458.0,301.0,375.0,352.5,6279.0,4298.0,48.0,37000.0
2018-12-24,271.0,17312.0,17172.0,16810.0,71.0,367.5,88.5,269.0,255.0,345.0,323.0,15326.0,15545.0,350.0,4550.0,22750.0,6750.0,300.0,16414.0,292.0,372.5,347.5,6279.0,4298.0,48.0,36700.0
2018-12-31,265.0,17242.0,17056.0,16899.0,72.0,366.5,88.5,269.0,252.0,340.0,315.0,15405.0,15548.0,345.0,4550.0,22750.0,6750.0,292.5,16535.0,290.0,367.5,342.5,6735.0,4621.0,53.0,36000.0
2019-01-07,255.0,16649.0,16932.0,16848.0,72.0,362.5,88.5,259.0,245.0,340.0,310.0,15305.0,15531.0,345.0,4135.0,22525.0,6425.0,290.0,16513.0,280.0,365.0,340.0,6735.0,4621.0,53.0,36000.0
2019-01-14,255.0,16498.0,17170.0,16937.0,75.0,355.0,88.5,260.0,235.0,335.0,310.0,15356.0,15523.0,337.0,4135.0,22525.0,6425.0,287.5,16568.0,277.0,357.5,340.0,6735.0,4621.0,53.0,35700.0
2019-01-21,270.0,16455.0,16684.0,16858.0,75.0,342.5,88.5,269.0,246.0,330.0,301.0,15243.0,15489.0,325.0,4135.0,22525.0,6425.0,280.0,16496.0,285.0,342.5,337.5,6735.0,4621.0,53.0,35300.0
2019-01-28,270.0,16748.0,16520.0,16927.0,75.0,345.5,88.5,273.0,262.0,325.0,301.0,15266.0,15505.0,325.0,4135.0,22525.0,6425.0,282.5,16529.0,295.0,342.5,337.5,6360.0,4191.0,48.0,34000.0
2019-02-04,291.0,18261.0,16773.0,17458.0,83.0,345.5,91.5,295.0,283.0,315.0,322.0,15912.0,16136.0,325.0,4135.0,22525.0,6425.0,285.0,16787.0,309.0,340.0,340.0,6360.0,4191.0,48.0,33800.0
2019-02-11,305.0,18567.0,16780.0,17817.0,91.0,345.0,100.5,315.0,290.0,330.0,327.0,16196.0,16556.0,330.0,4565.0,22525.0,7175.0,285.0,17406.0,329.0,340.0,345.0,6360.0,4191.0,48.0,34550.0
2019-02-18,303.0,18541.0,16842.0,17948.0,88.0,345.0,100.5,316.0,293.0,335.0,327.0,16600.0,16700.0,332.0,4565.0,22525.0,7175.0,280.0,17699.0,327.0,352.5,345.0,6360.0,4191.0,48.0,36000.0
2019-02-25,295.0,19142.0,16898.0,18686.0,88.0,357.5,100.5,316.0,285.0,335.0,330.0,17442.0,17486.0,343.0,4565.0,22525.0,7175.0,282.5,18291.0,320.0,357.5,350.0,6360.0,4191.0,48.0,37700.0
2019-03-04,285.0,20030.0,17333.0,18848.0,85.0,355.0,97.5,300.0,275.0,335.0,325.0,17967.0,18094.0,345.0,4565.0,22525.0,7175.0,280.0,18852.0,310.0,357.5,347.5,7120.0,4621.0,55.0,40200.0
2019-03-11,293.0,20701.0,18006.0,19328.0,87.0,355.0,95.0,302.0,287.0,347.0,335.0,18920.0,18587.0,345.0,5000.0,23025.0,7760.0,280.0,19808.0,320.0,360.0,347.5,7120.0,4621.0,55.0,40200.0
2019-03-18,295.0,20774.0,18119.0,19902.0,85.0,357.5,94.0,305.0,287.0,347.0,340.0,18915.0,19010.0,350.0,5000.0,23025.0,7760.0,290.0,19902.0,323.0,371.0,355.0,7120.0,4621.0,55.0,39900.0
2019-03-25,295.0,20741.0,18421.0,19600.0,86.0,360.0,94.0,305.0,287.0,347.0,345.0,18922.0,18545.0,345.0,5000.0,23025.0,7760.0,310.0,19961.0,323.0,368.0,362.5,7120.0,4621.0,55.0,39400.0
2019-04-01,292.0,20442.0,18699.0,19208.0,85.0,360.0,93.0,302.0,287.0,347.0,340.0,18494.0,18241.0,355.0,5000.0,23025.0,7760.0,310.0,19560.0,319.0,368.0,355.0,7718.0,5043.0,62.0,39300.0
2019-04-08,287.0,19304.0,18208.0,18445.0,91.0,360.0,93.0,296.0,282.0,347.0,335.0,17493.0,17151.0,350.0,5100.0,22200.0,7805.0,307.5,19078.0,313.0,370.0,347.5,7718.0,5043.0,62.0,39500.0
2019-04-15,280.0,18955.0,17972.0,18201.0,95.0,360.0,99.0,288.0,275.0,347.0,335.0,16886.0,16903.0,355.0,5100.0,22200.0,7805.0,302.5,18488.0,306.0,372.5,347.5,7718.0,5043.0,62.0,39500.0
2019-04-22,287.0,17491.0,17523.0,16985.0,93.0,357.5,98.0,293.0,282.0,335.0,335.0,16234.0,15685.0,350.0,5100.0,22200.0,7805.0,300.0,17751.0,312.0,355.0,352.5,7718.0,5043.0,62.0,39300.0
2019-04-29,285.0,16696.0,17174.0,16652.0,93.0,355.0,98.0,290.0,280.0,330.0,315.0,16141.0,15349.0,350.0,5100.0,22200.0,7805.0,297.5,17602.0,310.0,350.0,350.0,7727.0,5151.0,64.0,39300.0
2019-05-06,275.0,16724.0,16760.0,16530.0,94.0,355.0,99.0,286.0,267.0,330.0,315.0,16132.0,15287.0,337.0,4975.0,21950.0,7890.0,292.5,17360.0,303.0,356.0,347.5,7727.0,5151.0,64.0,39300.0
2019-05-13,265.0,16045.0,16530.0,16116.0,95.0,356.0,102.0,275.0,260.0,330.0,310.0,15699.0,14933.0,337.0,4975.0,21950.0,7890.0,287.5,16972.0,290.0,356.0,345.0,7727.0,5151.0,64.0,40300.0
2019-05-20,269.0,15682.0,16563.0,16074.0,96.0,358.5,108.0,279.0,258.0,330.0,305.0,15236.0,14867.0,335.0,4975.0,21950.0,7890.0,290.0,16812.0,294.0,356.0,352.5,7727.0,5151.0,64.0,40000.0
2019-05-27,285.0,15669.0,16108.0,16044.0,103.0,359.5,108.0,292.0,275.0,330.0,305.0,14890.0,14811.0,337.0,4975.0,21950.0,7890.0,297.5,16438.0,310.0,355.0,355.0,7829.0,5175.0,53.0,40200.0
2019-06-03,280.0,15554.0,15793.0,15921.0,103.0,360.0,109.0,290.0,272.0,330.0,310.0,14391.0,14686.0,335.0,4975.0,21950.0,7890.0,292.5,16118.0,303.0,353.5,350.0,7829.0,5175.0,53.0,40200.0
2019-06-10,282.0,15391.0,15500.0,15636.0,99.0,355.0,110.0,290.0,273.0,330.0,311.0,14449.0,14176.0,333.0,5225.0,21950.0,7425.0,287.5,16094.0,298.0,347.5,345.0,7829.0,5175.0,53.0,40300.0
2019-06-17,270.0,15565.0,15530.0,15632.0,107.0,351.0,117.0,275.0,259.0,320.0,305.0,14449.0,14097.0,327.0,5225.0,21950.0,7425.0,277.5,16051.0,290.0,345.0,337.5,7829.0,5175.0,53.0,41500.0
2019-06-24,256.0,15525.0,15578.0,15636.0,114.0,347.5,123.0,265.0,250.0,315.0,305.0,14821.0,14371.0,327.0,5225.0,21950.0,7425.0,267.5,16142.0,279.0,345.0,337.5,7829.0,5175.0,53.0,40500.0
2019-07-01,260.0,15670.0,15608.0,16431.0,116.0,348.5,125.0,268.0,257.0,315.0,300.0,14991.0,15299.0,332.0,5225.0,21950.0,7425.0,270.0,16404.0,285.0,354.0,340.0,7685.0,5345.0,50.0,40500.0
2019-07-08,274.0,16603.0,15678.0,16626.0,122.0,353.5,130.0,278.0,268.0,315.0,305.0,15294.0,15474.0,335.0,5275.0,21850.0,7410.0,270.0,17049.0,298.0,354.0,345.0,7685.0,5345.0,50.0,40300.0
2019-07-15,270.0,17730.0,15866.0,17132.0,120.0,357.5,127.5,275.0,265.0,315.0,305.0,15883.0,15935.0,345.0,5275.0,21850.0,7410.0,265.0,17411.0,295.0,360.0,345.0,7685.0,5345.0,50.0,39800.0
2019-07-22,269.0,17843.0,15882.0,17509.0,121.0,359.0,128.5,273.0,265.0,320.0,305.0,16238.0,16282.0,345.0,5275.0,21850.0,7410.0,265.0,17571.0,294.0,362.5,350.0,7685.0,5345.0,50.0,39800.0
2019-07-29,269.0,18359.0,15926.0,17591.0,117.0,357.5,124.5,273.0,265.0,320.0,305.0,16254.0,16320.0,345.0,5275.0,21850.0,7410.0,265.0,17543.0,294.0,362.5,350.0,7375.0,5432.0,49.0,40200.0
2019-08-05,270.0,18523.0,15712.0,17521.0,116.0,359.0,124.0,273.0,265.0,345.0,305.0,16227.0,16334.0,345.0,5675.0,21850.0,8170.0,265.0,17583.0,292.0,364.5,355.0,7375.0,5432.0,49.0,40300.0
2019-08-12,268.0,18634.0,15744.0,17370.0,96.0,357.5,106.0,269.0,265.0,340.0,304.0,16074.0,16266.0,342.0,5675.0,21850.0,8170.0,265.0,17545.0,289.0,360.0,355.0,7375.0,5432.0,49.0,39200.0
2019-08-19,260.0,18262.0,15766.0,17177.0,89.0,357.5,100.0,269.0,260.0,340.0,304.0,15747.0,16078.0,342.0,5675.0,21850.0,8170.0,265.0,17508.0,284.0,363.5,352.5,7375.0,5432.0,49.0,38700.0
2019-08-26,250.0,17569.0,15722.0,16854.0,87.0,357.5,98.0,260.0,255.0,335.0,304.0,15613.0,15756.0,340.0,5675.0,21850.0,8170.0,262.5,17437.0,279.0,357.5,347.5,8067.0,5957.0,53.0,38200.0
2019-09-02,242.0,17403.0,15773.0,16883.0,84.0,355.0,95.0,246.0,245.0,330.0,295.0,15599.0,15686.0,335.0,5675.0,21850.0,8170.0,260.0,17344.0,270.0,355.0,345.0,8067.0,5957.0,53.0,37700.0
2019-09-09,225.0,16385.0,15924.0,16311.0,90.0,332.5,97.0,228.0,226.0,315.0,292.0,14776.0,14959.0,325.0,5300.0,21850.0,7050.0,247.5,16472.0,253.0,340.0,330.0,8067.0,5957.0,53.0,36900.0
2019-09-16,213.0,16427.0,15953.0,15958.0,95.0,332.5,97.0,215.0,212.0,310.0,277.0,14739.0,14702.0,320.0,5300.0,21850.0,7050.0,242.5,16391.0,240.0,340.0,327.5,8067.0,5957.0,53.0,36200.0
2019-09-23,205.0,15921.0,15702.0,15813.0,95.0,324.0,100.5,208.0,200.0,305.0,260.0,14498.0,14403.0,315.0,5300.0,21850.0,7050.0,240.0,16172.0,233.0,322.5,325.0,8067.0,5957.0,53.0,35000.0
2019-09-30,199.0,15688.0,15270.0,15198.0,91.0,312.5,102.0,200.0,192.0,285.0,258.0,14144.0,13765.0,300.0,5300.0,21850.0,7050.0,232.5,16068.0,225.0,305.0,310.0,7063.0,5274.0,50.0,34200.0
2019-10-07,199.0,14825.0,14832.0,14905.0,94.0,302.5,105.0,201.0,194.0,280.0,245.0,13578.0,13447.0,300.0,4125.0,20750.0,5275.0,232.5,15566.0,227.0,302.5,310.0,7063.0,5274.0,50.0,33500.0
2019-10-14,207.0,14292.0,14919.0,14432.0,93.0,300.0,104.0,208.0,204.0,275.0,242.0,13267.0,13274.0,280.0,4125.0,20750.0,5275.0,232.5,15105.0,233.0,290.0,300.0,7063.0,5274.0,50.0,33300.0
2019-10-21,216.0,14245.0,14844.0,14326.0,88.0,302.5,99.0,218.0,210.0,280.0,242.0,13033.0,13166.0,280.0,4125.0,20750.0,5275.0,242.5,14668.0,241.0,297.5,302.5,7063.0,5274.0,50.0,33500.0
2019-10-28,225.0,14262.0,14479.0,14252.0,87.0,306.0,99.0,230.0,220.0,285.0,248.0,12908.0,13172.0,285.0,4125.0,20750.0,5275.0,252.5,14573.0,250.0,309.5,305.0,5173.0,4040.0,46.0,33300.0
2019-11-04,230.0,14426.0,12937.0,14110.0,85.0,309.5,99.0,232.0,225.0,285.0,258.0,12181.0,12878.0,290.0,4125.0,20750.0,5275.0,255.0,13581.0,255.0,312.5,309.5,5173.0,4040.0,46.0,33800.0
2019-11-11,238.0,14709.0,13058.0,13839.0,82.0,316.5,98.0,240.0,231.0,290.0,265.0,12469.0,12702.0,298.0,3925.0,20750.0,5200.0,260.0,13494.0,260.0,315.0,312.0,5173.0,4040.0,46.0,33500.0
2019-11-18,240.0,14477.0,12845.0,13893.0,82.0,315.0,101.0,242.0,233.0,290.0,270.0,12563.0,12713.0,302.0,3925.0,20750.0,5200.0,260.0,13513.0,261.0,319.0,312.0,5173.0,4040.0,46.0,32300.0
2019-11-25,239.0,14627.0,12149.0,14167.0,86.0,322.5,103.5,246.0,235.0,300.0,275.0,12840.0,13100.0,305.0,3925.0,20750.0,5200.0,265.0,13559.0,262.0,322.5,320.0,5173.0,4040.0,46.0,32200.0
2019-12-02,245.0,15019.0,12756.0,14373.0,88.0,327.5,103.5,245.0,239.0,305.0,275.0,13215.0,13370.0,306.0,3925.0,20750.0,5200.0,270.0,14161.0,266.0,326.0,325.0,5075.0,3998.0,44.0,31800.0
2019-12-09,260.0,15266.0,13388.0,14614.0,89.0,335.0,103.5,257.0,255.0,310.0,282.0,13679.0,13563.0,308.0,3600.0,20750.0,4600.0,280.0,14638.0,285.0,328.0,333.5,5075.0,3998.0,44.0,31100.0
2019-12-16,272.0,15468.0,13225.0,15274.0,94.0,339.5,107.5,275.0,268.0,310.0,295.0,13801.0,13941.0,315.0,3600.0,20750.0,4600.0,285.0,14791.0,297.0,332.5,335.0,5075.0,3998.0,44.0,30600.0
2019-12-23,275.0,15532.0,13391.0,15385.0,93.0,342.5,107.5,276.0,271.0,310.0,297.0,14168.0,14059.0,320.0,3600.0,20750.0,4600.0,285.0,14749.0,299.0,335.0,335.0,5075.0,3998.0,44.0,31400.0
2019-12-30,277.0,15842.0,13431.0,15907.0,91.0,342.5,107.5,276.0,272.0,320.0,297.0,14352.0,14606.0,320.0,3600.0,20750.0,4600.0,285.0,15224.0,301.0,337.5,335.0,4642.0,3477.0,43.0,32900.0
2020-01-06,276.0,15907.0,13453.0,16047.0,92.0,342.5,108.5,276.0,272.0,320.0,299.0,14417.0,14626.0,320.0,3950.0,19050.0,4850.0,285.0,15438.0,301.0,340.0,335.0,4642.0,3477.0,43.0,32900.0
2020-01-13,275.0,16361.0,14164.0,16626.0,94.0,338.0,109.5,275.0,270.0,320.0,299.0,14506.0,15066.0,320.0,3950.0,19050.0,4850.0,282.5,15620.0,299.0,340.0,332.5,4642.0,3477.0,43.0,33400.0
2020-01-20,270.0,16475.0,14035.0,16876.0,95.0,338.0,113.0,271.0,265.0,325.0,299.0,14711.0,15470.0,328.0,3950.0,19050.0,4850.0,287.5,15893.0,295.0,349.0,330.0,4642.0,3477.0,43.0,32500.0
2020-01-27,257.0,16693.0,13893.0,16845.0,94.0,337.5,116.0,260.0,250.0,325.0,289.0,14916.0,15556.0,322.0,3950.0,19050.0,4850.0,282.5,16421.0,280.0,346.5,327.5,4875.0,3766.0,46.0,32890.0
2020-02-03,248.0,17038.0,13993.0,16833.0,84.0,322.5,113.0,252.0,240.0,320.0,285.0,15438.0,15530.0,322.0,3950.0,19050.0,4850.0,270.0,17040.0,270.0,343.0,320.0,4875.0,3766.0,46.0,33400.0
2020-02-10,240.0,17340.0,14620.0,16684.0,82.0,320.0,115.0,240.0,228.0,315.0,270.0,15862.0,15392.0,310.0,3900.0,19050.0,5135.0,258.0,17561.0,260.0,331.5,315.0,4875.0,3766.0,46.0,32800.0
2020-02-17,251.0,17062.0,14780.0,16908.0,86.0,320.0,115.0,252.0,240.0,315.0,260.0,16058.0,15454.0,310.0,3900.0,19050.0,5135.0,260.0,17637.0,272.0,338.0,320.0,4875.0,3766.0,46.0,32000.0
2020-02-24,258.0,16714.0,14756.0,15983.0,90.0,337.5,115.0,260.0,247.0,320.0,275.0,15539.0,14937.0,330.0,3900.0,19050.0,5135.0,265.0,17536.0,280.0,346.0,335.0,4875.0,3766.0,46.0,31500.0
2020-03-02,255.0,17056.0,14590.0,15608.0,88.0,341.0,117.0,260.0,245.0,320.0,275.0,15349.0,15025.0,330.0,3900.0,19050.0,5135.0,265.0,17115.0,278.0,348.5,337.5,5022.0,3796.0,46.0,32500.0
2020-03-09,249.0,15306.0,14154.0,14832.0,90.0,340.0,117.0,254.0,243.0,323.0,270.0,15082.0,14061.0,341.0,3700.0,19300.0,4880.0,265.0,16936.0,273.0,354.0,342.5,5022.0,3796.0,46.0,33500.0
2020-03-16,245.0,15441.0,14186.0,15153.0,90.0,338.5,117.0,250.0,240.0,323.0,265.0,14217.0,13672.0,335.0,3700.0,19300.0,4880.0,260.0,16367.0,270.0,350.5,337.5,5022.0,3796.0,46.0,34000.0
2020-03-23,222.0,15189.0,13993.0,15266.0,90.0,327.5,116.0,226.0,215.0,310.0,257.0,13986.0,13896.0,305.0,3700.0,19300.0,4880.0,237.5,15754.0,245.0,347.5,325.0,5022.0,3796.0,46.0,35000.0
2020-03-30,199.0,15112.0,13959.0,15124.0,85.0,307.5,104.5,195.0,188.0,290.0,240.0,13846.0,13758.0,297.0,3700.0,19300.0,4880.0,212.5,15563.0,215.0,317.5,302.5,4779.0,3562.0,44.0,35000.0
2020-04-06,190.0,15119.0,13902.0,14716.0,83.0,292.5,104.5,192.0,190.0,270.0,233.0,13533.0,13464.0,280.0,4050.0,20100.0,5355.0,212.5,15516.0,210.0,292.5,280.0,4779.0,3562.0,44.0,34500.0
2020-04-13,230.0,15003.0,13849.0,14683.0,83.0,292.5,104.5,230.0,225.0,265.0,233.0,13867.0,13324.0,285.0,4050.0,20100.0,5355.0,232.5,15812.0,245.0,297.5,280.0,4779.0,3562.0,44.0,34000.0
2020-04-20,242.0,15407.0,13923.0,14833.0,85.0,297.5,102.5,244.0,232.0,265.0,250.0,13981.0,13414.0,290.0,4050.0,20100.0,5355.0,235.0,16073.0,256.0,297.5,297.5,4779.0,3562.0,44.0,33500.0
2020-04-27,241.0,16149.0,14469.0,15546.0,84.0,302.5,98.5,245.0,232.0,265.0,250.0,14608.0,14229.0,283.0,4050.0,20100.0,5355.0,235.0,16684.0,255.0,290.0,295.0,5281.0,4072.0,44.0,33500.0
2020-05-04,230.0,16327.0,14213.0,15853.0,83.0,305.0,96.5,225.0,220.0,267.0,250.0,14859.0,14625.0,286.0,4050.0,20100.0,5355.0,237.5,16986.0,240.0,301.0,282.5,5281.0,4072.0,44.0,33500.0
2020-05-11,230.0,16247.0,14244.0,15923.0,85.0,301.0,101.5,232.0,220.0,285.0,250.0,14831.0,14627.0,288.0,4075.0,20100.0,5725.0,247.5,17013.0,242.0,305.0,300.0,5281.0,4072.0,44.0,33500.0
2020-05-18,235.0,16133.0,14045.0,15705.0,91.0,301.0,103.5,240.0,225.0,290.0,255.0,14370.0,14370.0,290.0,4075.0,20100.0,5725.0,251.5,16514.0,250.0,305.0,307.5,5281.0,4072.0,44.0,33500.0
2020-05-25,235.0,14983.0,13994.0,14946.0,97.0,307.5,109.0,240.0,220.0,295.0,252.0,13578.0,13642.0,295.0,4075.0,20100.0,5725.0,256.5,15486.0,250.0,307.5,307.5,5281.0,4072.0,44.0,33500.0
2020-06-01,238.0,14834.0,13739.0,14631.0,97.0,306.0,110.0,241.0,225.0,295.0,255.0,13058.0,13257.0,296.0,4075.0,20100.0,5725.0,262.5,14911.0,253.0,312.0,302.5,5645.0,4206.0,44.0,33000.0
2020-06-08,243.0,14309.0,13629.0,14467.0,101.0,305.0,111.5,247.0,230.0,295.0,260.0,12702.0,13091.0,307.0,4025.0,20100.0,5695.0,267.5,14185.0,258.0,313.5,302.5,5645.0,4206.0,44.0,33000.0
2020-06-15,250.0,14363.0,13702.0,14523.0,105.0,312.0,111.5,253.0,236.0,300.0,270.0,12777.0,13162.0,305.0,4025.0,20100.0,5695.0,267.5,13844.0,265.0,320.0,307.5,5645.0,4206.0,44.0,33000.0
2020-06-22,245.0,15019.0,13394.0,14771.0,104.0,312.5,108.5,250.0,235.0,313.0,281.0,13367.0,13613.0,318.0,4025.0,20100.0,5695.0,262.5,13687.0,264.0,322.5,310.0,5645.0,4206.0,44.0,33700.0
2020-06-29,237.0,15611.0,13549.0,15210.0,104.0,312.5,106.5,244.0,230.0,313.0,265.0,13917.0,14018.0,315.0,4025.0,20100.0,5695.0,260.0,14474.0,257.0,323.5,310.0,5566.0,4012.0,42.0,34500.0
2020-07-06,235.0,16135.0,13680.0,15502.0,101.0,319.0,106.5,244.0,230.0,305.0,257.0,14252.0,14232.0,310.0,4580.0,20250.0,6240.0,260.0,14956.0,255.0,321.0,320.0,5566.0,4012.0,42.0,34500.0
2020-07-13,233.0,16093.0,13891.0,15694.0,105.0,322.5,108.0,241.0,230.0,313.0,257.0,14385.0,14462.0,317.0,4580.0,20250.0,6240.0,262.5,15346.0,255.0,325.0,320.0,5566.0,4012.0,42.0,35000.0
2020-07-20,236.0,16450.0,14243.0,15809.0,112.0,325.0,109.0,239.0,235.0,320.0,257.0,14749.0,14664.0,323.0,4580.0,20250.0,6240.0,267.5,16007.0,259.0,327.5,325.0,5566.0,4012.0,42.0,35000.0
2020-07-27,245.0,16575.0,14357.0,16100.0,110.0,327.5,108.0,248.0,245.0,320.0,267.0,15036.0,14979.0,323.0,4580.0,20250.0,6240.0,272.5,16443.0,269.0,327.5,331.0,6256.0,4645.0,46.0,35100.0
2020-08-03,255.0,17052.0,14364.0,16548.0,110.0,332.5,109.0,256.0,252.0,320.0,273.0,15399.0,15362.0,325.0,4580.0,20250.0,6240.0,275.0,16775.0,277.0,330.0,332.5,6256.0,4645.0,46.0,35100.0
2020-08-10,264.0,17468.0,14462.0,16807.0,119.0,345.5,112.5,263.0,257.0,337.0,278.0,15815.0,15826.0,335.0,4825.0,20250.0,6575.0,285.0,17173.0,283.0,335.0,345.0,6256.0,4645.0,46.0,35200.0
2020-08-17,266.0,17434.0,14797.0,17205.0,122.0,347.5,112.5,264.0,259.0,340.0,293.0,16070.0,16267.0,342.0,4825.0,20250.0,6575.0,287.5,17596.0,285.0,335.0,347.5,6256.0,4645.0,46.0,35500.0
2020-08-24,261.0,17836.0,15637.0,17550.0,127.0,347.5,117.0,263.0,253.0,340.0,305.0,16335.0,16626.0,342.0,4825.0,20250.0,6575.0,285.0,17907.0,282.0,337.5,347.5,6256.0,4645.0,46.0,36500.0
2020-08-31,265.0,17989.0,15744.0,17534.0,123.0,347.5,116.0,267.0,260.0,340.0,308.0,16380.0,16583.0,345.0,4825.0,20250.0,6575.0,285.0,18075.0,288.0,359.0,348.5,6418.0,4936.0,47.0,37200.0
2020-09-07,275.0,17983.0,16233.0,17520.0,127.0,361.0,121.5,278.0,270.0,350.0,310.0,16554.0,16595.0,354.0,6050.0,20550.0,7570.0,292.5,18417.0,298.0,365.0,355.0,6418.0,4936.0,47.0,37500.0
2020-09-14,280.0,18039.0,16547.0,17869.0,128.0,367.5,127.5,282.0,276.0,365.0,314.0,17172.0,16887.0,360.0,6950.0,20550.0,7570.0,297.5,18961.0,301.0,375.0,362.5,6418.0,4936.0,47.0,37500.0
2020-09-21,273.0,19027.0,16672.0,18270.0,126.0,375.0,129.5,282.0,273.0,365.0,314.0,17817.0,17320.0,369.0,5625.0,20550.0,7570.0,295.0,19405.0,296.0,387.5,362.5,6418.0,4936.0,47.0,38000.0
2020-09-28,272.0,19507.0,17257.0,18706.0,117.0,371.0,120.5,283.0,273.0,360.0,305.0,18220.0,17687.0,363.0,5625.0,20550.0,7570.0,295.0,19591.0,295.0,383.5,362.5,7441.0,6257.0,50.0,38500.0
2020-10-05,265.0,19744.0,17768.0,18923.0,121.0,372.0,123.5,275.0,266.0,350.0,305.0,18492.0,17962.0,348.0,6150.0,22350.0,8445.0,287.5,19934.0,290.0,370.0,367.5,7441.0,6257.0,50.0,39500.0
2020-10-12,260.0,19928.0,17982.0,19099.0,124.0,372.0,126.0,265.0,260.0,353.0,302.0,18681.0,18201.0,355.0,6150.0,22350.0,8445.0,282.5,20070.0,285.0,367.5,367.5,7441.0,6257.0,50.0,40000.0
2020-10-19,260.0,19716.0,17973.0,19062.0,121.0,370.0,124.0,266.0,260.0,353.0,301.0,18466.0,18148.0,355.0,6150.0,22350.0,8445.0,272.5,20070.0,286.0,369.5,367.5,7441.0,6257.0,50.0,39500.0
2020-10-26,264.0,19708.0,18031.0,18857.0,119.0,370.0,126.0,270.0,262.0,353.0,301.0,18526.0,18044.0,359.0,6150.0,22350.0,8445.0,277.5,20063.0,290.0,375.0,370.0,8225.0,6210.0,56.0,39500.0
2020-11-02,265.0,19823.0,18089.0,18906.0,116.0,370.0,125.0,272.0,264.0,353.0,303.0,18742.0,18080.0,359.0,6150.0,22350.0,8445.0,277.5,20215.0,292.0,375.0,370.0,8225.0,6210.0,56.0,39500.0
2020-11-09,269.0,20125.0,18438.0,19351.0,118.0,372.5,128.0,277.0,266.0,360.0,308.0,19029.0,18508.0,370.0,6650.0,23100.0,8445.0,280.0,20562.0,296.0,378.5,377.5,8225.0,6210.0,56.0,39500.0
2020-11-16,281.0,20199.0,18723.0,19672.0,123.0,385.0,132.0,291.0,280.0,375.0,325.0,19116.0,18760.0,379.0,6650.0,23100.0,8445.0,282.5,20650.0,310.0,392.5,393.5,8225.0,6210.0,56.0,39500.0
2020-11-23,303.0,20488.0,19062.0,20073.0,127.0,408.5,135.0,310.0,300.0,395.0,335.0,19331.0,19154.0,405.0,6650.0,23100.0,8445.0,292.5,20966.0,330.0,430.0,412.5,8225.0,6210.0,56.0,39500.0
2020-11-30,322.0,21016.0,18927.0,20698.0,129.0,430.0,137.0,320.0,315.0,430.0,340.0,19632.0,19729.0,435.0,6650.0,23100.0,8445.0,312.5,21348.0,350.0,453.5,464.0,8184.0,6382.0,57.0,41500.0
2020-12-07,330.0,21464.0,19187.0,21376.0,137.0,474.0,147.0,340.0,320.0,440.0,380.0,20299.0,20457.0,470.0,6635.0,24600.0,8450.0,327.5,21786.0,360.0,460.0,481.0,8184.0,6382.0,57.0,42500.0
2020-12-14,372.0,22924.0,19772.0,22459.0,153.0,490.0,157.0,380.0,365.0,485.0,390.0,21377.0,21690.0,490.0,6635.0,24600.0,8450.0,357.5,22629.0,400.0,482.5,506.0,8184.0,6382.0,57.0,51000.0
2020-12-21,415.0,24467.0,20725.0,23828.0,158.0,500.0,163.0,418.0,405.0,505.0,455.0,22925.0,23142.0,515.0,6635.0,24600.0,8450.0,387.5,23676.0,440.0,517.5,527.5,8184.0,6382.0,57.0,58000.0
2020-12-28,442.0,26167.0,22224.0,26123.0,168.0,510.0,184.0,447.0,433.0,535.0,475.0,24565.0,25395.0,540.0,6635.0,24600.0,8450.0,407.5,25382.0,470.0,555.0,562.5,8216.0,6236.0,56.0,61000.0
2021-01-04,450.0,27485.0,23365.0,27402.0,161.0,522.5,181.0,454.0,440.0,535.0,475.0,26082.0,26802.0,540.0,6635.0,24600.0,8450.0,412.5,27156.0,477.0,555.0,562.5,8216.0,6236.0,56.0,61000.0
2021-01-11,455.0,27884.0,23572.0,28007.0,168.0,545.0,190.0,457.0,443.0,550.0,480.0,26461.0,27134.0,555.0,8100.0,32375.0,9885.0,412.5,27967.0,480.0,572.5,567.5,8216.0,6236.0,56.0,61000.0
2021-01-18,440.0,27893.0,24195.0,28134.0,171.0,545.0,194.0,445.0,428.0,550.0,480.0,26348.0,27297.0,555.0,8100.0,32375.0,9885.0,402.5,27545.0,465.0,572.5,562.5,8216.0,6236.0,56.0,62000.0
2021-01-25,410.0,28573.0,25479.0,28415.0,170.0,535.0,196.0,414.0,403.0,520.0,455.0,27178.0,27647.0,525.0,8100.0,32375.0,9885.0,382.5,27983.0,440.0,540.0,545.0,8216.0,6236.0,56.0,62000.0
2021-02-01,380.0,28416.0,25579.0,28503.0,163.0,520.0,192.0,392.0,380.0,490.0,417.0,27494.0,27662.0,505.0,8100.0,32375.0,9885.0,367.5,28246.0,415.0,520.0,515.0,9443.0,7682.0,64.0,59000.0
2021-02-08,366.0,28187.0,25285.0,28002.0,154.0,510.0,183.0,370.0,363.0,480.0,397.0,27253.0,27102.0,495.0,9585.0,29875.0,11515.0,367.5,28177.0,398.0,517.5,505.0,9443.0,7682.0,64.0,55000.0
2021-02-15,375.0,26751.0,24914.0,26993.0,164.0,522.5,189.0,375.0,370.0,485.0,415.0,26000.0,25834.0,500.0,9585.0,29875.0,11515.0,382.5,27643.0,407.0,520.0,527.5,9443.0,7682.0,64.0,51500.0
2021-02-22,387.0,25897.0,24774.0,25779.0,170.0,530.0,190.0,388.0,380.0,500.0,440.0,25440.0,24638.0,520.0,9585.0,29875.0,11515.0,397.5,27158.0,418.0,520.0,545.0,9443.0,7682.0,64.0,48500.0
2021-03-01,415.0,26494.0,24850.0,25524.0,174.0,544.0,195.0,417.0,410.0,510.0,445.0,25314.0,24653.0,525.0,9585.0,29875.0,11515.0,422.5,27240.0,445.0,542.5,556.5,11218.0,9905.0,93.0,48000.0
2021-03-08,425.0,26694.0,25336.0,26096.0,176.0,570.0,201.0,425.0,422.0,520.0,460.0,26011.0,25029.0,546.0,9425.0,30875.0,11575.0,437.5,27254.0,460.0,562.5,569.0,11218.0,9905.0,93.0,49000.0
2021-03-15,405.0,26961.0,26291.0,26877.0,168.0,557.5,194.0,412.0,407.0,530.0,460.0,26177.0,25843.0,546.0,9425.0,30875.0,11575.0,432.5,27738.0,445.0,560.0,560.0,11218.0,9905.0,93.0,50500.0
2021-03-22,390.0,27526.0,26498.0,27680.0,164.0,559.0,190.5,400.0,390.0,530.0,434.0,26624.0,26670.0,545.0,9425.0,30875.0,11575.0,427.5,28137.0,427.0,557.5,567.5,11218.0,9905.0,93.0,50800.0
2021-03-29,382.0,28225.0,27172.0,28656.0,160.0,555.0,190.5,393.0,380.0,530.0,438.0,27371.0,27585.0,545.0,9425.0,30875.0,11575.0,425.0,28832.0,417.0,557.5,565.0,11388.0,9677.0,71.0,51500.0
2021-04-05,393.0,28804.0,27524.0,28998.0,167.0,556.0,201.5,400.0,390.0,510.0,442.0,27728.0,27967.0,545.0,10375.0,37600.0,12825.0,425.0,29311.0,428.0,549.0,563.5,11388.0,9677.0,71.0,53500.0
2021-04-12,398.0,28948.0,27737.0,28730.0,171.0,558.5,205.5,407.0,392.0,520.0,455.0,27676.0,27727.0,550.0,10375.0,37600.0,12825.0,427.5,29418.0,431.0,567.5,562.5,11388.0,9677.0,71.0,54500.0
2021-04-19,395.0,28798.0,27700.0,28318.0,175.0,570.0,210.0,405.0,388.0,540.0,460.0,27420.0,27434.0,550.0,10375.0,37600.0,12825.0,427.5,29405.0,428.0,572.5,563.0,11388.0,9677.0,71.0,58500.0
2021-04-26,395.0,28571.0,27709.0,27879.0,185.0,574.0,219.0,407.0,388.0,540.0,456.0,27481.0,26981.0,565.0,10375.0,37600.0,12825.0,431.5,29309.0,425.0,572.5,580.0,12736.0,10537.0,70.0,60500.0
2021-05-03,405.0,28138.0,27722.0,27484.0,191.0,581.0,228.0,415.0,400.0,560.0,466.0,27325.0,26450.0,580.0,10375.0,37600.0,12825.0,440.0,29031.0,438.0,577.5,590.0,12736.0,10537.0,70.0,62500.0
2021-05-10,437.0,27905.0,27700.0,27155.0,197.0,607.5,233.0,445.0,432.0,590.0,471.0,27092.0,26104.0,600.0,10050.0,37600.0,14025.0,462.5,28821.0,470.0,617.5,613.5,12736.0,10537.0,70.0,63500.0
2021-05-17,471.0,27865.0,27883.0,27257.0,225.0,672.5,256.0,480.0,467.0,630.0,525.0,27165.0,26160.0,660.0,10050.0,37600.0,14025.0,497.5,29010.0,503.0,655.0,665.0,12736.0,10537.0,70.0,67000.0
2021-05-24,473.0,28524.0,28571.0,27865.0,213.0,675.0,244.0,482.0,470.0,630.0,535.0,27588.0,26709.0,640.0,10050.0,37600.0,14025.0,500.0,29303.0,507.0,657.5,670.0,12736.0,10537.0,70.0,71900.0
2021-05-31,475.0,29326.0,28883.0,28807.0,189.0,672.5,224.0,483.0,475.0,630.0,518.0,28134.0,27659.0,640.0,10050.0,37600.0,14025.0,506.0,29809.0,510.0,657.5,667.5,13956.0,10279.0,72.0,71900.0
2021-06-07,468.0,29672.0,28805.0,29278.0,207.0,662.5,241.0,478.0,468.0,620.0,508.0,28352.0,28162.0,635.0,12000.0,38350.0,16750.0,501.5,30160.0,503.0,652.5,660.0,13956.0,10279.0,72.0,72500.0
2021-06-14,469.0,29561.0,28242.0,29330.0,213.0,656.0,246.0,475.0,469.0,630.0,515.0,28373.0,28260.0,635.0,12000.0,38350.0,16750.0,520.0,30148.0,504.0,669.5,653.5,13956.0,10279.0,72.0,74000.0
2021-06-21,463.0,29375.0,27722.0,29190.0,219.0,661.5,253.0,461.0,465.0,630.0,515.0,28202.0,28003.0,640.0,12000.0,38350.0,16750.0,520.0,30128.0,500.0,657.5,658.0,13956.0,10279.0,72.0,74000.0
2021-06-28,457.0,29065.0,26673.0,28969.0,214.0,655.0,250.0,459.0,462.0,615.0,513.0,27807.0,27679.0,605.0,12000.0,38350.0,16750.0,517.5,30111.0,497.0,642.5,652.5,16293.0,12288.0,82.0,74000.0
2021-07-05,456.0,27776.0,25813.0,27889.0,218.0,660.0,259.0,459.0,460.0,615.0,518.0,26924.0,26892.0,600.0,12090.0,42500.0,16450.0,517.5,29662.0,498.0,641.5,670.0,16293.0,12288.0,82.0,74000.0
2021-07-12,453.0,26909.0,25816.0,27063.0,220.0,662.5,260.0,457.0,458.0,615.0,518.0,26257.0,25966.0,585.0,12090.0,42500.0,16450.0,512.5,28463.0,496.0,625.0,667.5,16293.0,12288.0,82.0,73500.0
2021-07-19,441.0,26080.0,25855.0,25804.0,220.0,658.5,255.0,448.0,448.0,615.0,508.0,25358.0,24734.0,605.0,12090.0,42500.0,16450.0,495.0,27589.0,486.0,632.5,645.0,16293.0,12288.0,82.0,72500.0
2021-07-26,437.0,26272.0,24580.0,26161.0,209.0,655.0,241.0,445.0,440.0,605.0,508.0,24725.0,24714.0,608.0,12090.0,42500.0,16450.0,487.5,26726.0,480.0,632.5,637.5,16162.0,12403.0,87.0,71500.0
2021-08-02,430.0,26890.0,23645.0,26351.0,196.0,647.5,222.0,439.0,427.0,570.0,503.0,24886.0,25089.0,590.0,12090.0,42500.0,16450.0,482.5,26656.0,472.0,607.5,635.0,16162.0,12403.0,87.0,69500.0
2021-08-09,424.0,27101.0,24491.0,26706.0,178.0,605.0,199.0,424.0,417.0,550.0,500.0,25215.0,25589.0,565.0,12715.0,42500.0,17750.0,472.5,26812.0,464.0,587.5,592.5,16162.0,12403.0,87.0,66000.0
2021-08-16,415.0,27849.0,24489.0,27356.0,163.0,577.5,181.0,421.0,410.0,540.0,495.0,25672.0,26472.0,540.0,12715.0,42500.0,17750.0,462.5,26824.0,457.0,586.0,577.5,16162.0,12403.0,87.0,65000.0
2021-08-23,410.0,27941.0,24136.0,27394.0,149.0,567.5,167.0,415.0,400.0,500.0,500.0,26077.0,26514.0,500.0,12715.0,42500.0,17750.0,452.5,26890.0,452.0,562.5,562.5,16162.0,12403.0,87.0,63500.0
2021-08-30,406.0,28185.0,24175.0,27420.0,149.0,552.5,163.0,413.0,396.0,485.0,500.0,25998.0,26654.0,500.0,12715.0,42500.0,17750.0,447.5,26960.0,448.0,531.0,537.5,17343.0,12649.0,97.0,62000.0
2021-09-06,405.0,28241.0,24250.0,27418.0,148.0,498.5,160.0,413.0,394.0,480.0,483.0,25879.0,26541.0,505.0,10365.0,40000.0,15600.0,445.5,27339.0,446.0,531.0,537.5,17343.0,12649.0,97.0,59000.0
2021-09-13,401.0,28233.0,24106.0,27219.0,132.0,500.0,146.0,409.0,390.0,480.0,483.0,25793.0,26413.0,470.0,10365.0,40000.0,15600.0,442.5,27259.0,443.0,531.0,537.5,17343.0,12649.0,97.0,56500.0
2021-09-20,392.0,27854.0,24607.0,26724.0,113.0,501.5,136.0,405.0,386.0,480.0,498.0,25523.0,26108.0,475.0,10365.0,40000.0,15600.0,441.0,26988.0,439.0,530.0,537.5,17343.0,12649.0,97.0,55000.0
2021-09-27,388.0,27166.0,24138.0,26251.0,103.0,497.5,135.0,401.0,386.0,470.0,500.0,25059.0,25488.0,498.0,10365.0,40000.0,15600.0,441.0,26703.0,438.0,535.0,532.5,15503.0,10349.0,81.0,54000.0
2021-10-04,385.0,26784.0,23908.0,25750.0,116.0,550.0,152.0,398.0,386.0,470.0,500.0,24722.0,25050.0,478.0,10365.0,40000.0,15600.0,437.5,26496.0,435.0,535.5,534.0,15503.0,10349.0,81.0,56800.0
2021-10-11,397.0,26523.0,24028.0,25604.0,119.0,557.5,158.0,410.0,402.0,485.0,508.0,24681.0,24896.0,500.0,7650.0,38500.0,13300.0,452.5,26474.0,449.0,532.5,557.5,15503.0,10349.0,81.0,59000.0
2021-10-18,427.0,26086.0,24275.0,25157.0,128.0,562.5,180.0,436.0,432.0,500.0,528.0,24534.0,24515.0,515.0,7650.0,38500.0,13300.0,473.5,26537.0,480.0,545.0,565.0,15503.0,10349.0,81.0,64000.0
2021-10-25,448.0,26593.0,24629.0,25936.0,122.0,577.5,179.0,450.0,451.0,510.0,544.0,25363.0,25359.0,540.0,7650.0,38500.0,13300.0,493.5,27467.0,500.0,555.0,577.5,15503.0,10349.0,81.0,73000.0
2021-11-01,446.0,27708.0,24737.0,27341.0,116.0,577.5,177.0,450.0,450.0,515.0,550.0,26648.0,26592.0,545.0,7650.0,38500.0,13300.0,493.5,28334.0,501.0,572.5,580.0,12987.0,7857.0,68.0,77000.0
2021-11-08,441.0,28831.0,24893.0,28389.0,98.0,580.0,161.0,453.0,446.0,510.0,541.0,27498.0,27446.0,530.0,6125.0,39250.0,10550.0,492.5,28778.0,497.0,565.0,577.5,12987.0,7857.0,68.0,79000.0
2021-11-15,445.0,29339.0,25638.0,28841.0,92.0,580.0,154.0,456.0,446.0,510.0,528.0,28006.0,28100.0,545.0,6125.0,39250.0,10550.0,497.5,29351.0,499.0,565.0,582.5,12987.0,7857.0,68.0,78000.0
2021-11-22,443.0,30104.0,25790.0,29662.0,90.0,579.0,148.0,458.0,444.0,515.0,528.0,28584.0,29015.0,540.0,6125.0,39250.0,10550.0,497.5,30195.0,498.0,565.0,582.5,12987.0,7857.0,68.0,72500.0
2021-11-29,438.0,30914.0,26133.0,30376.0,99.0,572.5,146.0,453.0,438.0,510.0,530.0,29414.0,29906.0,520.0,6125.0,39250.0,10550.0,492.5,30842.0,492.0,555.0,571.5,10753.0,6282.0,63.0,64000.0
2021-12-06,430.0,31202.0,26178.0,30713.0,100.0,572.5,143.0,445.0,428.0,510.0,530.0,29724.0,30184.0,525.0,5525.0,39250.0,8950.0,482.5,31083.0,484.0,547.5,560.0,10753.0,6282.0,63.0,61500.0
2021-12-13,417.0,30750.0,26031.0,30050.0,105.0,557.5,152.0,431.0,415.0,510.0,528.0,28958.0,29578.0,515.0,5525.0,39250.0,8950.0,467.5,30275.0,471.0,557.0,545.0,10753.0,6282.0,63.0,60500.0
2021-12-20,414.0,29870.0,25299.0,29447.0,112.0,552.5,159.0,425.0,410.0,505.0,520.0,28299.0,28862.0,510.0,5525.0,39250.0,8950.0,467.5,29555.0,467.0,550.0,535.0,10753.0,6282.0,63.0,61500.0
2021-12-27,416.0,29631.0,24741.0,28941.0,124.0,547.5,173.0,422.0,413.0,505.0,512.0,27848.0,28419.0,510.0,5525.0,39250.0,8950.0,462.5,29024.0,461.0,550.0,535.0,9244.0,5901.0,55.0,62500.0
2022-01-03,418.0,29121.0,24326.0,28566.0,118.0,547.5,168.5,424.0,415.0,505.0,500.0,27215.0,27969.0,510.0,5525.0,39250.0,8950.0,462.5,28407.0,463.0,545.0,535.0,9244.0,5901.0,55.0,63500.0
2022-01-10,419.0,28826.0,24255.0,28615.0,125.0,540.0,170.5,425.0,416.0,495.0,500.0,26977.0,27830.0,500.0,6575.0,39000.0,9900.0,462.5,28802.0,465.0,535.0,530.0,9244.0,5901.0,55.0,63500.0
2022-01-17,430.0,29086.0,25878.0,28751.0,128.0,547.5,176.5,440.0,425.0,500.0,510.0,27257.0,27934.0,515.0,6575.0,39000.0,9900.0,467.5,28622.0,471.0,535.0,537.5,9244.0,5901.0,55.0,63700.0
2022-01-24,430.0,28955.0,25949.0,28321.0,131.0,547.5,183.5,435.0,425.0,510.0,518.0,27140.0,27651.0,520.0,6575.0,39000.0,9900.0,467.5,28389.0,470.0,537.5,545.0,9244.0,5901.0,55.0,62500.0
2022-01-31,429.0,29396.0,25683.0,28816.0,139.0,547.5,190.5,438.0,425.0,510.0,530.0,27624.0,27972.0,530.0,6575.0,39000.0,9900.0,470.0,28807.0,470.0,537.5,567.5,9728.0,6527.0,59.0,62900.0
2022-02-07,450.0,30752.0,26372.0,30282.0,145.0,580.0,197.5,462.0,445.0,535.0,535.0,28859.0,29440.0,555.0,8135.0,40500.0,11845.0,492.5,30078.0,490.0,550.0,582.5,9728.0,6527.0,59.0,65000.0
2022-02-14,464.0,32114.0,27970.0,31346.0,150.0,592.5,200.5,474.0,458.0,545.0,555.0,29977.0,30598.0,570.0,8135.0,40500.0,11845.0,502.5,31458.0,503.0,560.0,594.0,9728.0,6527.0,59.0,65500.0
2022-02-21,466.0,32898.0,28335.0,32085.0,138.0,620.0,187.5,477.0,460.0,560.0,560.0,30930.0,31407.0,585.0,8135.0,40500.0,11845.0,507.5,32417.0,506.0,592.5,615.0,9728.0,6527.0,59.0,69000.0
2022-02-28,469.0,33913.0,28968.0,33041.0,137.0,625.0,185.5,477.0,460.0,610.0,568.0,31875.0,32437.0,585.0,8135.0,40500.0,11845.0,512.5,33208.0,509.0,627.5,620.0,11355.0,7823.0,67.0,78000.0
2022-03-07,524.0,35186.0,31048.0,34263.0,147.0,707.5,197.5,534.0,497.0,710.0,575.0,32402.0,32619.0,680.0,9660.0,39500.0,13800.0,590.0,34466.0,567.0,747.5,722.5,11355.0,7823.0,67.0,77000.0
2022-03-14,604.0,32835.0,31137.0,32912.0,159.0,790.0,214.0,610.0,578.0,860.0,598.0,31181.0,30755.0,761.0,9660.0,39500.0,13800.0,646.5,33349.0,648.0,882.5,804.0,11355.0,7823.0,67.0,74000.0
2022-03-21,614.0,29971.0,27892.0,29736.0,145.0,785.0,201.0,619.0,588.0,960.0,640.0,28228.0,28469.0,761.0,9660.0,39500.0,13800.0,657.5,30238.0,658.0,1000.0,785.0,11355.0,7823.0,67.0,67000.0
2022-03-28,610.0,27675.0,27476.0,27559.0,147.0,855.0,200.0,612.0,587.0,960.0,658.0,26485.0,26492.0,780.0,9660.0,39500.0,13800.0,657.5,28568.0,657.0,1000.0,725.0,13189.0,9164.0,79.0,69500.0
2022-04-04,605.0,26916.0,26778.0,26627.0,156.0,845.0,205.0,610.0,584.0,960.0,650.0,25185.0,25648.0,768.0,9660.0,39500.0,13800.0,655.0,27411.0,654.0,1000.0,725.0,13189.0,9164.0,79.0,69500.0
2022-04-11,603.0,26208.0,25966.0,25989.0,158.0,810.0,203.0,611.0,583.0,960.0,637.0,24659.0,24910.0,681.0,6950.0,46000.0,11050.0,652.5,27074.0,653.0,950.0,715.0,13189.0,9164.0,79.0,67500.0
2022-04-18,595.0,26943.0,26986.0,26719.0,152.0,765.0,197.5,604.0,575.0,940.0,622.0,25352.0,25607.0,680.0,6950.0,46000.0,11050.0,642.5,27984.0,645.0,950.0,695.0,13189.0,9164.0,79.0,64000.0
2022-04-25,566.0,29731.0,28925.0,28891.0,151.0,720.0,194.5,577.0,547.0,930.0,610.0,28254.0,28030.0,650.0,6950.0,46000.0,11050.0,617.5,30202.0,617.0,940.0,670.0,13189.0,9164.0,79.0,61500.0
2022-05-02,512.0,31615.0,29737.0,30427.0,140.0,680.0,179.5,512.0,492.0,910.0,585.0,31376.0,29767.0,610.0,6950.0,46000.0,11050.0,557.5,32061.0,562.0,930.0,615.0,10929.0,7233.0,68.0,58000.0
2022-05-09,487.0,32249.0,29951.0,31017.0,143.0,675.0,182.5,488.0,467.0,850.0,550.0,31982.0,30523.0,560.0,7000.0,42000.0,10900.0,535.0,32880.0,537.0,815.0,575.0,10929.0,7233.0,68.0,56000.0
2022-05-16,445.0,31462.0,28736.0,30791.0,130.0,690.0,165.5,443.0,425.0,850.0,525.0,31548.0,30082.0,450.0,7000.0,42000.0,10900.0,492.5,32910.0,495.0,815.0,530.0,10929.0,7233.0,68.0,54000.0
2022-05-23,417.0,29099.0,26720.0,28480.0,131.0,570.0,166.5,418.0,415.0,770.0,510.0,29528.0,27356.0,468.0,7000.0,42000.0,10900.0,465.0,30626.0,469.0,800.0,510.0,10929.0,7233.0,68.0,50000.0
2022-05-30,412.0,23603.0,23317.0,21615.0,133.0,567.5,169.5,415.0,411.0,700.0,500.0,23798.0,21574.0,447.0,7000.0,42000.0,10900.0,462.5,25964.0,461.0,735.0,485.0,10809.0,7110.0,69.0,46000.0
2022-06-06,396.0,21843.0,19757.0,20122.0,139.0,550.0,175.5,391.0,390.0,660.0,497.0,18829.0,19499.0,430.0,4775.0,33000.0,6025.0,437.5,23137.0,440.0,715.0,460.0,10809.0,7110.0,69.0,43500.0
2022-06-13,381.0,20112.0,17185.0,18736.0,145.0,540.0,179.5,381.0,374.0,640.0,490.0,18445.0,17655.0,463.0,4775.0,33000.0,6025.0,422.5,21258.0,424.0,685.0,450.0,10809.0,7110.0,69.0,42000.0
2022-06-20,339.0,18343.0,16334.0,18221.0,131.0,515.0,164.5,340.0,333.0,590.0,453.0,17335.0,16963.0,400.0,4775.0,33000.0,6025.0,377.5,20827.0,378.0,630.0,432.5,10809.0,7110.0,69.0,43000.0
2022-06-27,297.0,18306.0,15790.0,17846.0,114.0,490.0,146.5,309.0,292.0,560.0,403.0,17107.0,16514.0,365.0,4775.0,33000.0,6025.0,337.5,20230.0,337.0,612.5,390.0,6778.0,4950.0,56.0,44000.0
2022-07-04,303.0,18054.0,16063.0,17223.0,121.0,487.5,149.5,311.0,298.0,540.0,378.0,17134.0,16006.0,360.0,4775.0,33000.0,6025.0,342.5,19477.0,343.0,590.0,390.0,6778.0,4950.0,56.0,45000.0
2022-07-11,356.0,18268.0,15297.0,17148.0,113.0,492.5,139.5,366.0,353.0,520.0,383.0,16544.0,15790.0,390.0,3325.0,29900.0,4825.0,402.5,19166.0,398.0,590.0,420.0,6778.0,4950.0,56.0,45500.0
2022-07-18,370.0,20207.0,16673.0,18308.0,103.0,492.5,129.5,371.0,364.0,460.0,395.0,17103.0,16212.0,410.0,3325.0,29900.0,4825.0,412.5,19955.0,409.0,500.0,455.0,6778.0,4950.0,56.0,47000.0
2022-07-25,348.0,21962.0,16962.0,20147.0,98.0,525.0,124.5,349.0,342.0,460.0,390.0,18040.0,17776.0,410.0,3325.0,29900.0,4825.0,385.0,20489.0,387.0,500.0,475.0,6778.0,4950.0,56.0,47500.0
2022-08-01,317.0,23751.0,17547.0,21835.0,112.0,445.0,127.5,319.0,310.0,460.0,380.0,19731.0,19730.0,400.0,3325.0,29900.0,4825.0,355.0,22020.0,355.0,495.0,435.0,4602.0,3405.0,41.0,47500.0
2022-08-08,321.0,25568.0,21195.0,23534.0,109.0,435.0,123.5,325.0,315.0,455.0,370.0,22180.0,21650.0,390.0,3350.0,23250.0,4575.0,355.0,24183.0,360.0,470.0,420.0,4602.0,3405.0,41.0,49000.0
2022-08-15,357.0,26015.0,21461.0,23841.0,109.0,455.0,123.5,362.0,350.0,455.0,385.0,22858.0,22016.0,390.0,3350.0,23250.0,4575.0,390.0,24832.0,395.0,465.0,430.0,4602.0,3405.0,41.0,47500.0
2022-08-22,361.0,25881.0,21510.0,24239.0,102.0,455.0,116.5,366.0,353.0,450.0,395.0,22884.0,22324.0,380.0,3350.0,23250.0,4575.0,392.5,24946.0,398.0,465.0,430.0,4602.0,3405.0,41.0,46500.0
2022-08-29,363.0,25793.0,21069.0,24231.0,103.0,455.0,116.5,370.0,356.0,430.0,420.0,22530.0,22250.0,368.0,3350.0,23250.0,4575.0,397.5,24924.0,401.0,465.0,410.0,4507.0,3470.0,39.0,46000.0
2022-09-05,359.0,24677.0,20920.0,23357.0,98.0,435.0,108.5,368.0,351.0,440.0,440.0,22383.0,21498.0,370.0,3800.0,23350.0,5050.0,397.5,24665.0,396.0,465.0,400.0,4507.0,3470.0,39.0,46000.0
2022-09-12,339.0,24588.0,21739.0,22647.0,99.0,425.0,108.5,342.0,328.0,440.0,415.0,21766.0,21004.0,360.0,3800.0,23350.0,5050.0,375.0,24300.0,373.0,455.0,390.0,4507.0,3470.0,39.0,46000.0
2022-09-19,316.0,24568.0,21481.0,22518.0,101.0,430.0,110.5,322.0,305.0,445.0,390.0,21340.0,20865.0,355.0,3800.0,23350.0,5050.0,351.5,24178.0,350.0,450.0,390.0,4507.0,3470.0,39.0,46000.0
2022-09-26,316.0,24349.0,21353.0,22726.0,98.0,440.0,110.5,322.0,292.0,460.0,385.0,21207.0,20763.0,355.0,3800.0,23350.0,5050.0,352.5,24155.0,351.0,465.0,395.0,5035.0,3889.0,47.0,45500.0
2022-10-03,333.0,24524.0,20719.0,22719.0,96.0,445.0,108.5,338.0,309.0,490.0,395.0,21294.0,20652.0,365.0,3800.0,23350.0,5050.0,372.5,24239.0,368.0,507.5,420.0,5035.0,3889.0,47.0,45500.0
2022-10-10,334.0,24418.0,21040.0,22662.0,96.0,455.0,108.5,340.0,311.0,500.0,405.0,21285.0,20551.0,395.0,3990.0,22000.0,5050.0,372.5,24246.0,370.0,537.5,432.5,5035.0,3889.0,47.0,45000.0
2022-10-17,332.0,24277.0,21198.0,22585.0,97.0,455.0,109.5,336.0,312.0,500.0,405.0,21123.0,20338.0,395.0,3990.0,22000.0,5050.0,372.5,24176.0,371.0,551.5,427.5,5035.0,3889.0,47.0,44000.0
2022-10-24,325.0,24351.0,21680.0,22558.0,93.0,470.0,103.5,328.0,306.0,500.0,405.0,21143.0,20665.0,395.0,3990.0,22000.0,5050.0,367.5,24203.0,365.0,551.5,422.5,5035.0,3889.0,47.0,43000.0
2022-10-31,318.0,23600.0,22246.0,22220.0,85.0,465.0,94.5,323.0,300.0,490.0,405.0,20740.0,20021.0,379.0,3990.0,22000.0,5050.0,362.5,23860.0,359.0,495.0,407.5,5002.0,4202.0,57.0,42000.0
2022-11-07,313.0,22248.0,21998.0,21481.0,83.0,457.5,92.0,320.0,265.0,490.0,394.0,20630.0,18986.0,370.0,3975.0,22500.0,5100.0,357.5,22976.0,354.0,505.0,400.0,5002.0,4202.0,57.0,41500.0
2022-11-14,307.0,21319.0,20982.0,20399.0,89.0,435.0,96.0,313.0,257.0,460.0,378.0,18825.0,18023.0,345.0,3975.0,22500.0,5100.0,352.5,21898.0,346.0,495.0,387.5,5002.0,4202.0,57.0,41000.0
2022-11-21,301.0,21096.0,21124.0,19835.0,97.0,442.5,104.0,306.0,259.0,450.0,368.0,18403.0,17733.0,335.0,3975.0,22500.0,5100.0,344.5,21532.0,338.0,480.0,380.0,5002.0,4202.0,57.0,40000.0
2022-11-28,312.0,20975.0,19842.0,19843.0,96.0,445.0,104.0,313.0,271.0,450.0,350.0,18069.0,17629.0,361.0,3975.0,22500.0,5100.0,353.0,21227.0,347.0,475.0,382.5,5022.0,4221.0,53.0,40000.0
2022-12-05,336.0,20253.0,18801.0,19746.0,102.0,450.0,110.0,340.0,297.0,450.0,350.0,17981.0,17000.0,350.0,3975.0,21000.0,5100.0,373.5,20770.0,370.0,475.0,392.5,5022.0,4221.0,53.0,40500.0
2022-12-12,352.0,20174.0,17332.0,19435.0,110.0,445.0,116.0,354.0,311.0,425.0,366.0,17668.0,16939.0,355.0,3975.0,21000.0,5100.0,379.0,20444.0,384.0,461.5,392.5,5022.0,4221.0,53.0,41700.0
2022-12-19,356.0,19973.0,17727.0,19341.0,111.0,447.5,116.0,358.0,312.0,445.0,405.0,17384.0,16962.0,355.0,3975.0,21000.0,5100.0,385.0,20072.0,387.0,460.0,392.5,5022.0,4221.0,53.0,41700.0
2022-12-26,355.0,19988.0,18031.0,19386.0,112.0,447.5,115.0,356.0,311.0,455.0,400.0,17035.0,16999.0,359.0,3975.0,21000.0,5100.0,385.0,19730.0,386.0,460.0,400.0,5042.0,4160.0,53.0,42500.0
2023-01-02,368.0,20090.0,17705.0,19412.0,116.0,452.5,119.0,367.0,320.0,455.0,402.0,17009.0,17045.0,370.0,3975.0,21000.0,5100.0,392.5,19743.0,395.0,460.0,402.5,5042.0,4160.0,53.0,42700.0
2023-01-09,383.0,20700.0,20344.0,19581.0,118.0,457.5,120.0,387.0,338.0,460.0,402.0,16537.0,17360.0,377.0,4150.0,22500.0,5100.0,411.5,20566.0,413.0,487.5,422.5,5042.0,4160.0,53.0,42700.0
2023-01-16,388.0,21951.0,19028.0,20288.0,123.0,457.5,127.5,395.0,347.0,470.0,425.0,18012.0,18415.0,405.0,4150.0,22500.0,5100.0,416.0,20764.0,417.0,501.0,448.5,5042.0,4160.0,53.0,42700.0
2023-01-23,377.0,23307.0,18750.0,21626.0,123.0,455.0,131.5,385.0,336.0,471.0,440.0,19384.0,19702.0,400.0,4150.0,22500.0,5100.0,407.5,21449.0,406.0,501.0,452.5,5042.0,4160.0,53.0,42800.0
2023-01-30,384.0,24553.0,21524.0,23110.0,127.0,465.0,136.0,393.0,343.0,485.0,435.0,20519.0,21036.0,400.0,4200.0,22500.0,5100.0,412.5,22424.0,413.0,502.5,442.5,5043.0,4382.0,50.0,42800.0
2023-02-06,395.0,25587.0,22311.0,23784.0,127.0,512.5,136.0,404.0,359.0,485.0,435.0,21336.0,21794.0,410.0,4787.5,24000.0,5625.0,421.5,23780.0,424.0,502.5,477.5,5043.0,4382.0,50.0,44500.0
2023-02-13,399.0,25741.0,23774.0,24100.0,124.0,505.0,136.5,409.0,363.0,500.0,446.0,22626.0,22058.0,415.0,4787.5,24000.0,5625.0,421.5,24807.0,428.0,516.0,457.5,5043.0,4382.0,50.0,44500.0
2023-02-20,390.0,25837.0,24060.0,24184.0,124.0,500.0,137.5,400.0,354.0,505.0,443.0,23297.0,22134.0,423.0,4787.5,24000.0,5625.0,418.0,25635.0,419.0,525.0,465.0,5043.0,4382.0,50.0,46000.0
2023-02-27,411.0,25814.0,24275.0,24047.0,130.0,502.5,143.0,422.0,375.0,510.0,443.0,23404.0,22039.0,423.0,4787.5,24000.0,5625.0,438.5,26010.0,440.0,532.5,455.0,5547.0,4898.0,56.0,49200.0
2023-03-06,422.0,25821.0,25347.0,24055.0,126.0,500.0,139.0,430.0,387.0,520.0,448.0,24078.0,22056.0,430.0,5037.5,25500.0,6350.0,453.5,26555.0,452.0,550.0,467.5,5547.0,4898.0,56.0,53700.0
2023-03-13,426.0,26750.0,25313.0,25021.0,128.0,502.5,141.0,434.0,393.0,530.0,453.0,24550.0,23004.0,452.0,5037.5,25500.0,6350.0,460.0,27052.0,458.0,555.0,475.0,5547.0,4898.0,56.0,55500.0
